order_id,order_date,channel,sku_id,sku_name,category,quantity,revenue,cost_price,total_cost,fee_rate,platform_fee,net_profit,net_margin_pct
ORD00001,2026-06-01,Shopee,SKU006,Trà hoa đậu biếc,An thần,1,32100.0,8800,8800,0.13,4173.0,19127.0,59.6
ORD00002,2026-06-01,Zalo/Fanpage,SKU006,Trà hoa đậu biếc,An thần,2,63200.0,8800,17600,0.0,0.0,45600.0,72.2
ORD00003,2026-06-01,Shopee,SKU001,Trà atiso thanh lọc,Thanh lọc,1,33100.0,9000,9000,0.13,4303.0,19797.0,59.8
ORD00004,2026-06-01,TikTok Shop,SKU004,Trà cà leo gai giảm cân,Detox,3,163600.0,15000,45000,0.16,26176.0,92424.0,56.5
ORD00005,2026-06-01,TikTok Shop,SKU003,Trà diếp cá rau má,Detox,2,79900.0,10500,21000,0.16,12784.0,46116.0,57.7
ORD00006,2026-06-01,Zalo/Fanpage,SKU007,Trà gừng mật ong,Giữ ấm,1,39900.0,11000,11000,0.0,0.0,28900.0,72.4
ORD00007,2026-06-01,Shopee,SKU002,Trà lá nam sen ổi,Thanh lọc,1,29800.0,8500,8500,0.13,3874.0,17426.0,58.5
ORD00008,2026-06-01,Shopee,SKU003,Trà diếp cá rau má,Detox,1,41400.0,10500,10500,0.13,5382.0,25518.0,61.6
ORD00009,2026-06-01,Zalo/Fanpage,SKU007,Trà gừng mật ong,Giữ ấm,2,74700.0,11000,22000,0.0,0.0,52700.0,70.5
ORD00010,2026-06-01,Đại lý,SKU001,Trà atiso thanh lọc,Thanh lọc,1,35400.0,9000,9000,0.0,0.0,26400.0,74.6
ORD00011,2026-06-01,TikTok Shop,SKU007,Trà gừng mật ong,Giữ ấm,2,75300.0,11000,22000,0.16,12048.0,41252.0,54.8
ORD00012,2026-06-01,Shopee,SKU005,Trà hoa cúc an thần,An thần,1,39100.0,9500,9500,0.13,5083.0,24517.0,62.7
ORD00013,2026-06-01,Zalo/Fanpage,SKU008,Trà mâm xôi vitamin,Bổ sung dưỡng chất,2,68400.0,9800,19600,0.0,0.0,48800.0,71.3
ORD00014,2026-06-01,TikTok Shop,SKU003,Trà diếp cá rau má,Detox,1,40300.0,10500,10500,0.16,6448.0,23352.0,57.9
ORD00015,2026-06-01,TikTok Shop,SKU006,Trà hoa đậu biếc,An thần,3,101100.0,8800,26400,0.16,16176.0,58524.0,57.9
ORD00016,2026-06-01,TikTok Shop,SKU002,Trà lá nam sen ổi,Thanh lọc,3,90900.0,8500,25500,0.16,14544.0,50856.0,55.9
ORD00017,2026-06-01,TikTok Shop,SKU003,Trà diếp cá rau má,Detox,3,125500.0,10500,31500,0.16,20080.0,73920.0,58.9
ORD00018,2026-06-01,Shopee,SKU003,Trà diếp cá rau má,Detox,1,39700.0,10500,10500,0.13,5161.0,24039.0,60.6
ORD00019,2026-06-01,Shopee,SKU003,Trà diếp cá rau má,Detox,1,38900.0,10500,10500,0.13,5057.0,23343.0,60.0
ORD00020,2026-06-01,Đại lý,SKU005,Trà hoa cúc an thần,An thần,3,108800.0,9500,28500,0.0,0.0,80300.0,73.8
ORD00021,2026-06-02,TikTok Shop,SKU007,Trà gừng mật ong,Giữ ấm,3,116500.0,11000,33000,0.16,18640.0,64860.0,55.7
ORD00022,2026-06-02,Shopee,SKU003,Trà diếp cá rau má,Detox,2,82300.0,10500,21000,0.13,10699.0,50601.0,61.5
ORD00023,2026-06-02,Zalo/Fanpage,SKU004,Trà cà leo gai giảm cân,Detox,2,106000.0,15000,30000,0.0,0.0,76000.0,71.7
ORD00024,2026-06-02,Shopee,SKU008,Trà mâm xôi vitamin,Bổ sung dưỡng chất,2,70100.0,9800,19600,0.13,9113.0,41387.0,59.0
ORD00025,2026-06-02,Zalo/Fanpage,SKU008,Trà mâm xôi vitamin,Bổ sung dưỡng chất,1,35600.0,9800,9800,0.0,0.0,25800.0,72.5
ORD00026,2026-06-02,Zalo/Fanpage,SKU004,Trà cà leo gai giảm cân,Detox,1,52900.0,15000,15000,0.0,0.0,37900.0,71.6
ORD00027,2026-06-02,TikTok Shop,SKU004,Trà cà leo gai giảm cân,Detox,1,56500.0,15000,15000,0.16,9040.0,32460.0,57.5
ORD00028,2026-06-02,Zalo/Fanpage,SKU001,Trà atiso thanh lọc,Thanh lọc,3,97900.0,9000,27000,0.0,0.0,70900.0,72.4
ORD00029,2026-06-02,Zalo/Fanpage,SKU007,Trà gừng mật ong,Giữ ấm,3,114900.0,11000,33000,0.0,0.0,81900.0,71.3
ORD00030,2026-06-02,Shopee,SKU002,Trà lá nam sen ổi,Thanh lọc,1,32800.0,8500,8500,0.13,4264.0,20036.0,61.1
ORD00031,2026-06-02,Zalo/Fanpage,SKU002,Trà lá nam sen ổi,Thanh lọc,2,64200.0,8500,17000,0.0,0.0,47200.0,73.5
ORD00032,2026-06-02,TikTok Shop,SKU002,Trà lá nam sen ổi,Thanh lọc,3,91500.0,8500,25500,0.16,14640.0,51360.0,56.1
ORD00033,2026-06-02,TikTok Shop,SKU005,Trà hoa cúc an thần,An thần,1,36500.0,9500,9500,0.16,5840.0,21160.0,58.0
ORD00034,2026-06-02,Shopee,SKU008,Trà mâm xôi vitamin,Bổ sung dưỡng chất,2,73500.0,9800,19600,0.13,9555.0,44345.0,60.3
ORD00035,2026-06-02,TikTok Shop,SKU004,Trà cà leo gai giảm cân,Detox,1,56200.0,15000,15000,0.16,8992.0,32208.0,57.3
ORD00036,2026-06-02,Zalo/Fanpage,SKU007,Trà gừng mật ong,Giữ ấm,1,37900.0,11000,11000,0.0,0.0,26900.0,71.0
ORD00037,2026-06-02,Shopee,SKU004,Trà cà leo gai giảm cân,Detox,1,51100.0,15000,15000,0.13,6643.0,29457.0,57.6
ORD00038,2026-06-02,TikTok Shop,SKU001,Trà atiso thanh lọc,Thanh lọc,2,70300.0,9000,18000,0.16,11248.0,41052.0,58.4
ORD00039,2026-06-02,Shopee,SKU004,Trà cà leo gai giảm cân,Detox,2,103200.0,15000,30000,0.13,13416.0,59784.0,57.9
ORD00040,2026-06-02,TikTok Shop,SKU005,Trà hoa cúc an thần,An thần,1,38800.0,9500,9500,0.16,6208.0,23092.0,59.5
ORD00041,2026-06-03,Zalo/Fanpage,SKU002,Trà lá nam sen ổi,Thanh lọc,1,30800.0,8500,8500,0.0,0.0,22300.0,72.4
ORD00042,2026-06-03,TikTok Shop,SKU003,Trà diếp cá rau má,Detox,2,81500.0,10500,21000,0.16,13040.0,47460.0,58.2
ORD00043,2026-06-03,Shopee,SKU001,Trà atiso thanh lọc,Thanh lọc,1,34500.0,9000,9000,0.13,4485.0,21015.0,60.9
ORD00044,2026-06-03,Shopee,SKU003,Trà diếp cá rau má,Detox,1,41900.0,10500,10500,0.13,5447.0,25953.0,61.9
ORD00045,2026-06-03,Shopee,SKU001,Trà atiso thanh lọc,Thanh lọc,1,35500.0,9000,9000,0.13,4615.0,21885.0,61.6
ORD00046,2026-06-03,Shopee,SKU003,Trà diếp cá rau má,Detox,3,122600.0,10500,31500,0.13,15938.0,75162.0,61.3
ORD00047,2026-06-03,TikTok Shop,SKU006,Trà hoa đậu biếc,An thần,2,66900.0,8800,17600,0.16,10704.0,38596.0,57.7
ORD00048,2026-06-03,Shopee,SKU004,Trà cà leo gai giảm cân,Detox,2,103500.0,15000,30000,0.13,13455.0,60045.0,58.0
ORD00049,2026-06-03,Shopee,SKU004,Trà cà leo gai giảm cân,Detox,2,106200.0,15000,30000,0.13,13806.0,62394.0,58.8
ORD00050,2026-06-03,Zalo/Fanpage,SKU001,Trà atiso thanh lọc,Thanh lọc,3,108000.0,9000,27000,0.0,0.0,81000.0,75.0
ORD00051,2026-06-03,Shopee,SKU004,Trà cà leo gai giảm cân,Detox,1,55400.0,15000,15000,0.13,7202.0,33198.0,59.9
ORD00052,2026-06-03,Shopee,SKU002,Trà lá nam sen ổi,Thanh lọc,2,62000.0,8500,17000,0.13,8060.0,36940.0,59.6
ORD00053,2026-06-03,Shopee,SKU003,Trà diếp cá rau má,Detox,1,42700.0,10500,10500,0.13,5551.0,26649.0,62.4
ORD00054,2026-06-03,Shopee,SKU007,Trà gừng mật ong,Giữ ấm,2,74500.0,11000,22000,0.13,9685.0,42815.0,57.5
ORD00055,2026-06-03,TikTok Shop,SKU004,Trà cà leo gai giảm cân,Detox,1,56500.0,15000,15000,0.16,9040.0,32460.0,57.5
ORD00056,2026-06-03,Đại lý,SKU007,Trà gừng mật ong,Giữ ấm,1,38600.0,11000,11000,0.0,0.0,27600.0,71.5
ORD00057,2026-06-03,TikTok Shop,SKU007,Trà gừng mật ong,Giữ ấm,1,37500.0,11000,11000,0.16,6000.0,20500.0,54.7
ORD00058,2026-06-03,Shopee,SKU003,Trà diếp cá rau má,Detox,2,79900.0,10500,21000,0.13,10387.0,48513.0,60.7
ORD00059,2026-06-03,TikTok Shop,SKU006,Trà hoa đậu biếc,An thần,2,67500.0,8800,17600,0.16,10800.0,39100.0,57.9
ORD00060,2026-06-03,TikTok Shop,SKU002,Trà lá nam sen ổi,Thanh lọc,1,32800.0,8500,8500,0.16,5248.0,19052.0,58.1
ORD00061,2026-06-03,TikTok Shop,SKU004,Trà cà leo gai giảm cân,Detox,3,157500.0,15000,45000,0.16,25200.0,87300.0,55.4
ORD00062,2026-06-03,Shopee,SKU004,Trà cà leo gai giảm cân,Detox,2,103100.0,15000,30000,0.13,13403.0,59697.0,57.9
ORD00063,2026-06-04,Shopee,SKU002,Trà lá nam sen ổi,Thanh lọc,2,59400.0,8500,17000,0.13,7722.0,34678.0,58.4
ORD00064,2026-06-04,Zalo/Fanpage,SKU004,Trà cà leo gai giảm cân,Detox,2,104200.0,15000,30000,0.0,0.0,74200.0,71.2
ORD00065,2026-06-04,TikTok Shop,SKU005,Trà hoa cúc an thần,An thần,2,75400.0,9500,19000,0.16,12064.0,44336.0,58.8
ORD00066,2026-06-04,TikTok Shop,SKU003,Trà diếp cá rau má,Detox,1,39600.0,10500,10500,0.16,6336.0,22764.0,57.5
ORD00067,2026-06-04,Zalo/Fanpage,SKU002,Trà lá nam sen ổi,Thanh lọc,2,59800.0,8500,17000,0.0,0.0,42800.0,71.6
ORD00068,2026-06-04,TikTok Shop,SKU004,Trà cà leo gai giảm cân,Detox,1,50700.0,15000,15000,0.16,8112.0,27588.0,54.4
ORD00069,2026-06-04,TikTok Shop,SKU004,Trà cà leo gai giảm cân,Detox,1,51000.0,15000,15000,0.16,8160.0,27840.0,54.6
ORD00070,2026-06-04,Shopee,SKU003,Trà diếp cá rau má,Detox,1,42700.0,10500,10500,0.13,5551.0,26649.0,62.4
ORD00071,2026-06-04,Zalo/Fanpage,SKU004,Trà cà leo gai giảm cân,Detox,1,53300.0,15000,15000,0.0,0.0,38300.0,71.9
ORD00072,2026-06-04,TikTok Shop,SKU003,Trà diếp cá rau má,Detox,3,123300.0,10500,31500,0.16,19728.0,72072.0,58.5
ORD00073,2026-06-04,TikTok Shop,SKU004,Trà cà leo gai giảm cân,Detox,3,153700.0,15000,45000,0.16,24592.0,84108.0,54.7
ORD00074,2026-06-04,Zalo/Fanpage,SKU002,Trà lá nam sen ổi,Thanh lọc,1,32100.0,8500,8500,0.0,0.0,23600.0,73.5
ORD00075,2026-06-04,Shopee,SKU003,Trà diếp cá rau má,Detox,1,42000.0,10500,10500,0.13,5460.0,26040.0,62.0
ORD00076,2026-06-04,Shopee,SKU005,Trà hoa cúc an thần,An thần,1,37100.0,9500,9500,0.13,4823.0,22777.0,61.4
ORD00077,2026-06-04,Shopee,SKU008,Trà mâm xôi vitamin,Bổ sung dưỡng chất,1,33500.0,9800,9800,0.13,4355.0,19345.0,57.7
ORD00078,2026-06-04,Shopee,SKU003,Trà diếp cá rau má,Detox,1,40200.0,10500,10500,0.13,5226.0,24474.0,60.9
ORD00079,2026-06-04,Shopee,SKU008,Trà mâm xôi vitamin,Bổ sung dưỡng chất,1,36100.0,9800,9800,0.13,4693.0,21607.0,59.9
ORD00080,2026-06-04,TikTok Shop,SKU004,Trà cà leo gai giảm cân,Detox,1,51300.0,15000,15000,0.16,8208.0,28092.0,54.8
ORD00081,2026-06-05,Đại lý,SKU005,Trà hoa cúc an thần,An thần,1,37400.0,9500,9500,0.0,0.0,27900.0,74.6
ORD00082,2026-06-05,Shopee,SKU002,Trà lá nam sen ổi,Thanh lọc,1,30700.0,8500,8500,0.13,3991.0,18209.0,59.3
ORD00083,2026-06-05,Đại lý,SKU008,Trà mâm xôi vitamin,Bổ sung dưỡng chất,1,36700.0,9800,9800,0.0,0.0,26900.0,73.3
ORD00084,2026-06-05,Shopee,SKU003,Trà diếp cá rau má,Detox,1,40300.0,10500,10500,0.13,5239.0,24561.0,60.9
ORD00085,2026-06-05,TikTok Shop,SKU007,Trà gừng mật ong,Giữ ấm,2,80200.0,11000,22000,0.16,12832.0,45368.0,56.6
ORD00086,2026-06-05,Đại lý,SKU002,Trà lá nam sen ổi,Thanh lọc,1,32900.0,8500,8500,0.0,0.0,24400.0,74.2
ORD00087,2026-06-05,Zalo/Fanpage,SKU008,Trà mâm xôi vitamin,Bổ sung dưỡng chất,1,33800.0,9800,9800,0.0,0.0,24000.0,71.0
ORD00088,2026-06-05,Đại lý,SKU007,Trà gừng mật ong,Giữ ấm,2,80700.0,11000,22000,0.0,0.0,58700.0,72.7
ORD00089,2026-06-05,Zalo/Fanpage,SKU007,Trà gừng mật ong,Giữ ấm,1,37500.0,11000,11000,0.0,0.0,26500.0,70.7
ORD00090,2026-06-05,Zalo/Fanpage,SKU004,Trà cà leo gai giảm cân,Detox,1,55800.0,15000,15000,0.0,0.0,40800.0,73.1
ORD00091,2026-06-05,Shopee,SKU007,Trà gừng mật ong,Giữ ấm,2,76700.0,11000,22000,0.13,9971.0,44729.0,58.3
ORD00092,2026-06-05,Zalo/Fanpage,SKU008,Trà mâm xôi vitamin,Bổ sung dưỡng chất,1,33200.0,9800,9800,0.0,0.0,23400.0,70.5
ORD00093,2026-06-05,Shopee,SKU003,Trà diếp cá rau má,Detox,1,43100.0,10500,10500,0.13,5603.0,26997.0,62.6
ORD00094,2026-06-05,Shopee,SKU005,Trà hoa cúc an thần,An thần,2,75600.0,9500,19000,0.13,9828.0,46772.0,61.9
ORD00095,2026-06-05,Zalo/Fanpage,SKU003,Trà diếp cá rau má,Detox,1,39200.0,10500,10500,0.0,0.0,28700.0,73.2
ORD00096,2026-06-05,Đại lý,SKU002,Trà lá nam sen ổi,Thanh lọc,1,29600.0,8500,8500,0.0,0.0,21100.0,71.3
ORD00097,2026-06-05,TikTok Shop,SKU003,Trà diếp cá rau má,Detox,1,40700.0,10500,10500,0.16,6512.0,23688.0,58.2
ORD00098,2026-06-05,Đại lý,SKU001,Trà atiso thanh lọc,Thanh lọc,2,65900.0,9000,18000,0.0,0.0,47900.0,72.7
ORD00099,2026-06-05,Shopee,SKU004,Trà cà leo gai giảm cân,Detox,2,112400.0,15000,30000,0.13,14612.0,67788.0,60.3
ORD00100,2026-06-05,TikTok Shop,SKU006,Trà hoa đậu biếc,An thần,3,102100.0,8800,26400,0.16,16336.0,59364.0,58.1
ORD00101,2026-06-05,Shopee,SKU004,Trà cà leo gai giảm cân,Detox,3,168500.0,15000,45000,0.13,21905.0,101595.0,60.3
ORD00102,2026-06-06,Shopee,SKU007,Trà gừng mật ong,Giữ ấm,3,122300.0,11000,33000,0.13,15899.0,73401.0,60.0
ORD00103,2026-06-06,TikTok Shop,SKU005,Trà hoa cúc an thần,An thần,1,36600.0,9500,9500,0.16,5856.0,21244.0,58.0
ORD00104,2026-06-06,Shopee,SKU002,Trà lá nam sen ổi,Thanh lọc,2,63600.0,8500,17000,0.13,8268.0,38332.0,60.3
ORD00105,2026-06-06,Shopee,SKU006,Trà hoa đậu biếc,An thần,1,33600.0,8800,8800,0.13,4368.0,20432.0,60.8
ORD00106,2026-06-06,Shopee,SKU004,Trà cà leo gai giảm cân,Detox,1,52400.0,15000,15000,0.13,6812.0,30588.0,58.4
ORD00107,2026-06-06,Shopee,SKU006,Trà hoa đậu biếc,An thần,2,67500.0,8800,17600,0.13,8775.0,41125.0,60.9
ORD00108,2026-06-06,TikTok Shop,SKU004,Trà cà leo gai giảm cân,Detox,1,53700.0,15000,15000,0.16,8592.0,30108.0,56.1
ORD00109,2026-06-06,Zalo/Fanpage,SKU008,Trà mâm xôi vitamin,Bổ sung dưỡng chất,3,101400.0,9800,29400,0.0,0.0,72000.0,71.0
ORD00110,2026-06-06,Shopee,SKU004,Trà cà leo gai giảm cân,Detox,3,163000.0,15000,45000,0.13,21190.0,96810.0,59.4
ORD00111,2026-06-06,Shopee,SKU008,Trà mâm xôi vitamin,Bổ sung dưỡng chất,1,35800.0,9800,9800,0.13,4654.0,21346.0,59.6
ORD00112,2026-06-06,Shopee,SKU002,Trà lá nam sen ổi,Thanh lọc,1,29600.0,8500,8500,0.13,3848.0,17252.0,58.3
ORD00113,2026-06-06,Đại lý,SKU006,Trà hoa đậu biếc,An thần,1,33000.0,8800,8800,0.0,0.0,24200.0,73.3
ORD00114,2026-06-06,Zalo/Fanpage,SKU006,Trà hoa đậu biếc,An thần,3,101700.0,8800,26400,0.0,0.0,75300.0,74.0
ORD00115,2026-06-06,TikTok Shop,SKU003,Trà diếp cá rau má,Detox,3,125500.0,10500,31500,0.16,20080.0,73920.0,58.9
ORD00116,2026-06-06,Zalo/Fanpage,SKU008,Trà mâm xôi vitamin,Bổ sung dưỡng chất,1,36200.0,9800,9800,0.0,0.0,26400.0,72.9
ORD00117,2026-06-06,Shopee,SKU007,Trà gừng mật ong,Giữ ấm,3,117200.0,11000,33000,0.13,15236.0,68964.0,58.8
ORD00118,2026-06-06,Shopee,SKU003,Trà diếp cá rau má,Detox,1,40700.0,10500,10500,0.13,5291.0,24909.0,61.2
ORD00119,2026-06-06,Zalo/Fanpage,SKU006,Trà hoa đậu biếc,An thần,2,67000.0,8800,17600,0.0,0.0,49400.0,73.7
ORD00120,2026-06-06,Đại lý,SKU008,Trà mâm xôi vitamin,Bổ sung dưỡng chất,2,72700.0,9800,19600,0.0,0.0,53100.0,73.0
ORD00121,2026-06-06,Zalo/Fanpage,SKU004,Trà cà leo gai giảm cân,Detox,2,106600.0,15000,30000,0.0,0.0,76600.0,71.9
ORD00122,2026-06-06,Shopee,SKU007,Trà gừng mật ong,Giữ ấm,2,75900.0,11000,22000,0.13,9867.0,44033.0,58.0
ORD00123,2026-06-06,Shopee,SKU005,Trà hoa cúc an thần,An thần,2,74000.0,9500,19000,0.13,9620.0,45380.0,61.3
ORD00124,2026-06-06,Shopee,SKU004,Trà cà leo gai giảm cân,Detox,3,157000.0,15000,45000,0.13,20410.0,91590.0,58.3
ORD00125,2026-06-06,Shopee,SKU003,Trà diếp cá rau má,Detox,2,78000.0,10500,21000,0.13,10140.0,46860.0,60.1
ORD00126,2026-06-07,Shopee,SKU005,Trà hoa cúc an thần,An thần,3,107600.0,9500,28500,0.13,13988.0,65112.0,60.5
ORD00127,2026-06-07,Shopee,SKU003,Trà diếp cá rau má,Detox,2,81100.0,10500,21000,0.13,10543.0,49557.0,61.1
ORD00128,2026-06-07,Shopee,SKU004,Trà cà leo gai giảm cân,Detox,2,112600.0,15000,30000,0.13,14638.0,67962.0,60.4
ORD00129,2026-06-07,Shopee,SKU007,Trà gừng mật ong,Giữ ấm,2,76900.0,11000,22000,0.13,9997.0,44903.0,58.4
ORD00130,2026-06-07,Shopee,SKU003,Trà diếp cá rau má,Detox,2,85200.0,10500,21000,0.13,11076.0,53124.0,62.4
ORD00131,2026-06-07,Đại lý,SKU004,Trà cà leo gai giảm cân,Detox,3,165100.0,15000,45000,0.0,0.0,120100.0,72.7
ORD00132,2026-06-07,Zalo/Fanpage,SKU008,Trà mâm xôi vitamin,Bổ sung dưỡng chất,2,68000.0,9800,19600,0.0,0.0,48400.0,71.2
ORD00133,2026-06-07,Shopee,SKU001,Trà atiso thanh lọc,Thanh lọc,1,34800.0,9000,9000,0.13,4524.0,21276.0,61.1
ORD00134,2026-06-07,Zalo/Fanpage,SKU007,Trà gừng mật ong,Giữ ấm,2,81700.0,11000,22000,0.0,0.0,59700.0,73.1
ORD00135,2026-06-07,Đại lý,SKU005,Trà hoa cúc an thần,An thần,2,74900.0,9500,19000,0.0,0.0,55900.0,74.6
ORD00136,2026-06-07,TikTok Shop,SKU001,Trà atiso thanh lọc,Thanh lọc,2,65400.0,9000,18000,0.16,10464.0,36936.0,56.5
ORD00137,2026-06-07,TikTok Shop,SKU001,Trà atiso thanh lọc,Thanh lọc,2,66900.0,9000,18000,0.16,10704.0,38196.0,57.1
ORD00138,2026-06-07,TikTok Shop,SKU003,Trà diếp cá rau má,Detox,2,79900.0,10500,21000,0.16,12784.0,46116.0,57.7
ORD00139,2026-06-07,Đại lý,SKU004,Trà cà leo gai giảm cân,Detox,1,53400.0,15000,15000,0.0,0.0,38400.0,71.9
ORD00140,2026-06-07,Zalo/Fanpage,SKU001,Trà atiso thanh lọc,Thanh lọc,1,33100.0,9000,9000,0.0,0.0,24100.0,72.8
ORD00141,2026-06-07,Shopee,SKU008,Trà mâm xôi vitamin,Bổ sung dưỡng chất,1,36100.0,9800,9800,0.13,4693.0,21607.0,59.9
ORD00142,2026-06-07,Đại lý,SKU002,Trà lá nam sen ổi,Thanh lọc,1,31600.0,8500,8500,0.0,0.0,23100.0,73.1
ORD00143,2026-06-08,Shopee,SKU005,Trà hoa cúc an thần,An thần,2,77800.0,9500,19000,0.13,10114.0,48686.0,62.6
ORD00144,2026-06-08,TikTok Shop,SKU003,Trà diếp cá rau má,Detox,1,39400.0,10500,10500,0.16,6304.0,22596.0,57.4
ORD00145,2026-06-08,TikTok Shop,SKU006,Trà hoa đậu biếc,An thần,1,34200.0,8800,8800,0.16,5472.0,19928.0,58.3
ORD00146,2026-06-08,Shopee,SKU003,Trà diếp cá rau má,Detox,2,77500.0,10500,21000,0.13,10075.0,46425.0,59.9
ORD00147,2026-06-08,Shopee,SKU005,Trà hoa cúc an thần,An thần,2,73200.0,9500,19000,0.13,9516.0,44684.0,61.0
ORD00148,2026-06-08,Zalo/Fanpage,SKU001,Trà atiso thanh lọc,Thanh lọc,3,106200.0,9000,27000,0.0,0.0,79200.0,74.6
ORD00149,2026-06-08,Shopee,SKU005,Trà hoa cúc an thần,An thần,1,38500.0,9500,9500,0.13,5005.0,23995.0,62.3
ORD00150,2026-06-08,TikTok Shop,SKU002,Trà lá nam sen ổi,Thanh lọc,2,64400.0,8500,17000,0.16,10304.0,37096.0,57.6
ORD00151,2026-06-08,Shopee,SKU004,Trà cà leo gai giảm cân,Detox,1,51000.0,15000,15000,0.13,6630.0,29370.0,57.6
ORD00152,2026-06-08,TikTok Shop,SKU001,Trà atiso thanh lọc,Thanh lọc,2,70700.0,9000,18000,0.16,11312.0,41388.0,58.5
ORD00153,2026-06-08,Shopee,SKU008,Trà mâm xôi vitamin,Bổ sung dưỡng chất,3,110000.0,9800,29400,0.13,14300.0,66300.0,60.3
ORD00154,2026-06-08,TikTok Shop,SKU002,Trà lá nam sen ổi,Thanh lọc,1,32000.0,8500,8500,0.16,5120.0,18380.0,57.4
ORD00155,2026-06-08,Đại lý,SKU002,Trà lá nam sen ổi,Thanh lọc,2,64300.0,8500,17000,0.0,0.0,47300.0,73.6
ORD00156,2026-06-09,Shopee,SKU006,Trà hoa đậu biếc,An thần,1,32500.0,8800,8800,0.13,4225.0,19475.0,59.9
ORD00157,2026-06-09,Shopee,SKU008,Trà mâm xôi vitamin,Bổ sung dưỡng chất,1,36600.0,9800,9800,0.13,4758.0,22042.0,60.2
ORD00158,2026-06-09,Shopee,SKU004,Trà cà leo gai giảm cân,Detox,2,109300.0,15000,30000,0.13,14209.0,65091.0,59.6
ORD00159,2026-06-09,Shopee,SKU004,Trà cà leo gai giảm cân,Detox,1,51700.0,15000,15000,0.13,6721.0,29979.0,58.0
ORD00160,2026-06-09,Shopee,SKU006,Trà hoa đậu biếc,An thần,1,32300.0,8800,8800,0.13,4199.0,19301.0,59.8
ORD00161,2026-06-09,TikTok Shop,SKU007,Trà gừng mật ong,Giữ ấm,2,73700.0,11000,22000,0.16,11792.0,39908.0,54.1
ORD00162,2026-06-09,Đại lý,SKU001,Trà atiso thanh lọc,Thanh lọc,3,101300.0,9000,27000,0.0,0.0,74300.0,73.3
ORD00163,2026-06-09,TikTok Shop,SKU003,Trà diếp cá rau má,Detox,2,83200.0,10500,21000,0.16,13312.0,48888.0,58.8
ORD00164,2026-06-09,TikTok Shop,SKU006,Trà hoa đậu biếc,An thần,1,32400.0,8800,8800,0.16,5184.0,18416.0,56.8
ORD00165,2026-06-09,Shopee,SKU003,Trà diếp cá rau má,Detox,3,124000.0,10500,31500,0.13,16120.0,76380.0,61.6
ORD00166,2026-06-09,TikTok Shop,SKU004,Trà cà leo gai giảm cân,Detox,2,113300.0,15000,30000,0.16,18128.0,65172.0,57.5
ORD00167,2026-06-09,TikTok Shop,SKU003,Trà diếp cá rau má,Detox,2,79800.0,10500,21000,0.16,12768.0,46032.0,57.7
ORD00168,2026-06-09,Shopee,SKU002,Trà lá nam sen ổi,Thanh lọc,1,30600.0,8500,8500,0.13,3978.0,18122.0,59.2
ORD00169,2026-06-09,Zalo/Fanpage,SKU008,Trà mâm xôi vitamin,Bổ sung dưỡng chất,3,101600.0,9800,29400,0.0,0.0,72200.0,71.1
ORD00170,2026-06-09,Shopee,SKU004,Trà cà leo gai giảm cân,Detox,3,162500.0,15000,45000,0.13,21125.0,96375.0,59.3
ORD00171,2026-06-09,Zalo/Fanpage,SKU006,Trà hoa đậu biếc,An thần,1,34400.0,8800,8800,0.0,0.0,25600.0,74.4
ORD00172,2026-06-09,Shopee,SKU003,Trà diếp cá rau má,Detox,1,38700.0,10500,10500,0.13,5031.0,23169.0,59.9
ORD00173,2026-06-10,Shopee,SKU001,Trà atiso thanh lọc,Thanh lọc,1,34300.0,9000,9000,0.13,4459.0,20841.0,60.8
ORD00174,2026-06-10,TikTok Shop,SKU002,Trà lá nam sen ổi,Thanh lọc,2,59600.0,8500,17000,0.16,9536.0,33064.0,55.5
ORD00175,2026-06-10,Shopee,SKU003,Trà diếp cá rau má,Detox,2,81300.0,10500,21000,0.13,10569.0,49731.0,61.2
ORD00176,2026-06-10,Shopee,SKU001,Trà atiso thanh lọc,Thanh lọc,2,65300.0,9000,18000,0.13,8489.0,38811.0,59.4
ORD00177,2026-06-10,Shopee,SKU004,Trà cà leo gai giảm cân,Detox,2,108800.0,15000,30000,0.13,14144.0,64656.0,59.4
ORD00178,2026-06-10,Shopee,SKU002,Trà lá nam sen ổi,Thanh lọc,2,65600.0,8500,17000,0.13,8528.0,40072.0,61.1
ORD00179,2026-06-10,Shopee,SKU003,Trà diếp cá rau má,Detox,2,84300.0,10500,21000,0.13,10959.0,52341.0,62.1
ORD00180,2026-06-10,TikTok Shop,SKU006,Trà hoa đậu biếc,An thần,1,34200.0,8800,8800,0.16,5472.0,19928.0,58.3
ORD00181,2026-06-10,Shopee,SKU008,Trà mâm xôi vitamin,Bổ sung dưỡng chất,1,36500.0,9800,9800,0.13,4745.0,21955.0,60.2
ORD00182,2026-06-10,Đại lý,SKU003,Trà diếp cá rau má,Detox,2,77800.0,10500,21000,0.0,0.0,56800.0,73.0
ORD00183,2026-06-10,Đại lý,SKU001,Trà atiso thanh lọc,Thanh lọc,1,34600.0,9000,9000,0.0,0.0,25600.0,74.0
ORD00184,2026-06-10,Shopee,SKU001,Trà atiso thanh lọc,Thanh lọc,1,32900.0,9000,9000,0.13,4277.0,19623.0,59.6
ORD00185,2026-06-10,Shopee,SKU001,Trà atiso thanh lọc,Thanh lọc,2,69700.0,9000,18000,0.13,9061.0,42639.0,61.2
ORD00186,2026-06-10,TikTok Shop,SKU001,Trà atiso thanh lọc,Thanh lọc,1,34900.0,9000,9000,0.16,5584.0,20316.0,58.2
ORD00187,2026-06-10,Zalo/Fanpage,SKU005,Trà hoa cúc an thần,An thần,3,107800.0,9500,28500,0.0,0.0,79300.0,73.6
ORD00188,2026-06-10,Shopee,SKU006,Trà hoa đậu biếc,An thần,2,67500.0,8800,17600,0.13,8775.0,41125.0,60.9
ORD00189,2026-06-10,Đại lý,SKU004,Trà cà leo gai giảm cân,Detox,2,103900.0,15000,30000,0.0,0.0,73900.0,71.1
ORD00190,2026-06-10,Shopee,SKU003,Trà diếp cá rau má,Detox,1,39000.0,10500,10500,0.13,5070.0,23430.0,60.1
ORD00191,2026-06-11,Zalo/Fanpage,SKU006,Trà hoa đậu biếc,An thần,2,69500.0,8800,17600,0.0,0.0,51900.0,74.7
ORD00192,2026-06-11,Shopee,SKU004,Trà cà leo gai giảm cân,Detox,1,54800.0,15000,15000,0.13,7124.0,32676.0,59.6
ORD00193,2026-06-11,Đại lý,SKU005,Trà hoa cúc an thần,An thần,2,73600.0,9500,19000,0.0,0.0,54600.0,74.2
ORD00194,2026-06-11,TikTok Shop,SKU007,Trà gừng mật ong,Giữ ấm,3,114700.0,11000,33000,0.16,18352.0,63348.0,55.2
ORD00195,2026-06-11,Shopee,SKU001,Trà atiso thanh lọc,Thanh lọc,3,106300.0,9000,27000,0.13,13819.0,65481.0,61.6
ORD00196,2026-06-11,TikTok Shop,SKU008,Trà mâm xôi vitamin,Bổ sung dưỡng chất,3,109100.0,9800,29400,0.16,17456.0,62244.0,57.1
ORD00197,2026-06-11,TikTok Shop,SKU006,Trà hoa đậu biếc,An thần,1,33000.0,8800,8800,0.16,5280.0,18920.0,57.3
ORD00198,2026-06-11,TikTok Shop,SKU008,Trà mâm xôi vitamin,Bổ sung dưỡng chất,1,37100.0,9800,9800,0.16,5936.0,21364.0,57.6
ORD00199,2026-06-11,Shopee,SKU007,Trà gừng mật ong,Giữ ấm,1,38900.0,11000,11000,0.13,5057.0,22843.0,58.7
ORD00200,2026-06-11,Shopee,SKU003,Trà diếp cá rau má,Detox,1,42600.0,10500,10500,0.13,5538.0,26562.0,62.4
ORD00201,2026-06-11,Shopee,SKU005,Trà hoa cúc an thần,An thần,1,37700.0,9500,9500,0.13,4901.0,23299.0,61.8
ORD00202,2026-06-11,Shopee,SKU006,Trà hoa đậu biếc,An thần,1,33000.0,8800,8800,0.13,4290.0,19910.0,60.3
ORD00203,2026-06-12,Shopee,SKU002,Trà lá nam sen ổi,Thanh lọc,2,65000.0,8500,17000,0.13,8450.0,39550.0,60.8
ORD00204,2026-06-12,Zalo/Fanpage,SKU001,Trà atiso thanh lọc,Thanh lọc,2,68000.0,9000,18000,0.0,0.0,50000.0,73.5
ORD00205,2026-06-12,Shopee,SKU004,Trà cà leo gai giảm cân,Detox,2,110400.0,15000,30000,0.13,14352.0,66048.0,59.8
ORD00206,2026-06-12,TikTok Shop,SKU006,Trà hoa đậu biếc,An thần,1,32300.0,8800,8800,0.16,5168.0,18332.0,56.8
ORD00207,2026-06-12,Shopee,SKU003,Trà diếp cá rau má,Detox,3,122600.0,10500,31500,0.13,15938.0,75162.0,61.3
ORD00208,2026-06-12,Shopee,SKU005,Trà hoa cúc an thần,An thần,1,37900.0,9500,9500,0.13,4927.0,23473.0,61.9
ORD00209,2026-06-12,Shopee,SKU001,Trà atiso thanh lọc,Thanh lọc,2,65100.0,9000,18000,0.13,8463.0,38637.0,59.4
ORD00210,2026-06-12,Đại lý,SKU008,Trà mâm xôi vitamin,Bổ sung dưỡng chất,2,73700.0,9800,19600,0.0,0.0,54100.0,73.4
ORD00211,2026-06-12,TikTok Shop,SKU002,Trà lá nam sen ổi,Thanh lọc,3,91400.0,8500,25500,0.16,14624.0,51276.0,56.1
ORD00212,2026-06-12,Zalo/Fanpage,SKU004,Trà cà leo gai giảm cân,Detox,2,113100.0,15000,30000,0.0,0.0,83100.0,73.5
ORD00213,2026-06-12,Shopee,SKU004,Trà cà leo gai giảm cân,Detox,2,103500.0,15000,30000,0.13,13455.0,60045.0,58.0
ORD00214,2026-06-12,TikTok Shop,SKU006,Trà hoa đậu biếc,An thần,1,34500.0,8800,8800,0.16,5520.0,20180.0,58.5
ORD00215,2026-06-12,Shopee,SKU006,Trà hoa đậu biếc,An thần,2,65100.0,8800,17600,0.13,8463.0,39037.0,60.0
ORD00216,2026-06-12,Zalo/Fanpage,SKU002,Trà lá nam sen ổi,Thanh lọc,1,30400.0,8500,8500,0.0,0.0,21900.0,72.0
ORD00217,2026-06-12,Shopee,SKU004,Trà cà leo gai giảm cân,Detox,3,160700.0,15000,45000,0.13,20891.0,94809.0,59.0
ORD00218,2026-06-13,Shopee,SKU004,Trà cà leo gai giảm cân,Detox,1,53900.0,15000,15000,0.13,7007.0,31893.0,59.2
ORD00219,2026-06-13,TikTok Shop,SKU004,Trà cà leo gai giảm cân,Detox,1,55900.0,15000,15000,0.16,8944.0,31956.0,57.2
ORD00220,2026-06-13,Đại lý,SKU002,Trà lá nam sen ổi,Thanh lọc,2,60500.0,8500,17000,0.0,0.0,43500.0,71.9
ORD00221,2026-06-13,Zalo/Fanpage,SKU001,Trà atiso thanh lọc,Thanh lọc,3,102100.0,9000,27000,0.0,0.0,75100.0,73.6
ORD00222,2026-06-13,Đại lý,SKU004,Trà cà leo gai giảm cân,Detox,3,166200.0,15000,45000,0.0,0.0,121200.0,72.9
ORD00223,2026-06-13,TikTok Shop,SKU002,Trà lá nam sen ổi,Thanh lọc,1,29900.0,8500,8500,0.16,4784.0,16616.0,55.6
ORD00224,2026-06-13,Đại lý,SKU003,Trà diếp cá rau má,Detox,1,42700.0,10500,10500,0.0,0.0,32200.0,75.4
ORD00225,2026-06-13,Shopee,SKU004,Trà cà leo gai giảm cân,Detox,2,101400.0,15000,30000,0.13,13182.0,58218.0,57.4
ORD00226,2026-06-13,Shopee,SKU007,Trà gừng mật ong,Giữ ấm,1,37100.0,11000,11000,0.13,4823.0,21277.0,57.4
ORD00227,2026-06-13,Zalo/Fanpage,SKU002,Trà lá nam sen ổi,Thanh lọc,2,63800.0,8500,17000,0.0,0.0,46800.0,73.4
ORD00228,2026-06-13,TikTok Shop,SKU007,Trà gừng mật ong,Giữ ấm,3,121700.0,11000,33000,0.16,19472.0,69228.0,56.9
ORD00229,2026-06-13,Shopee,SKU003,Trà diếp cá rau má,Detox,3,128200.0,10500,31500,0.13,16666.0,80034.0,62.4
ORD00230,2026-06-13,TikTok Shop,SKU004,Trà cà leo gai giảm cân,Detox,2,102000.0,15000,30000,0.16,16320.0,55680.0,54.6
ORD00231,2026-06-13,TikTok Shop,SKU008,Trà mâm xôi vitamin,Bổ sung dưỡng chất,1,36100.0,9800,9800,0.16,5776.0,20524.0,56.9
ORD00232,2026-06-13,Shopee,SKU001,Trà atiso thanh lọc,Thanh lọc,3,104700.0,9000,27000,0.13,13611.0,64089.0,61.2
ORD00233,2026-06-13,Shopee,SKU002,Trà lá nam sen ổi,Thanh lọc,1,32600.0,8500,8500,0.13,4238.0,19862.0,60.9
ORD00234,2026-06-13,Shopee,SKU006,Trà hoa đậu biếc,An thần,1,32600.0,8800,8800,0.13,4238.0,19562.0,60.0
ORD00235,2026-06-14,Shopee,SKU004,Trà cà leo gai giảm cân,Detox,2,109400.0,15000,30000,0.13,14222.0,65178.0,59.6
ORD00236,2026-06-14,Shopee,SKU002,Trà lá nam sen ổi,Thanh lọc,2,65000.0,8500,17000,0.13,8450.0,39550.0,60.8
ORD00237,2026-06-14,TikTok Shop,SKU003,Trà diếp cá rau má,Detox,2,78600.0,10500,21000,0.16,12576.0,45024.0,57.3
ORD00238,2026-06-14,TikTok Shop,SKU003,Trà diếp cá rau má,Detox,1,41700.0,10500,10500,0.16,6672.0,24528.0,58.8
ORD00239,2026-06-14,Zalo/Fanpage,SKU005,Trà hoa cúc an thần,An thần,1,37800.0,9500,9500,0.0,0.0,28300.0,74.9
ORD00240,2026-06-14,Shopee,SKU004,Trà cà leo gai giảm cân,Detox,1,56600.0,15000,15000,0.13,7358.0,34242.0,60.5
ORD00241,2026-06-14,Shopee,SKU008,Trà mâm xôi vitamin,Bổ sung dưỡng chất,3,102300.0,9800,29400,0.13,13299.0,59601.0,58.3
ORD00242,2026-06-14,Zalo/Fanpage,SKU002,Trà lá nam sen ổi,Thanh lọc,2,64900.0,8500,17000,0.0,0.0,47900.0,73.8
ORD00243,2026-06-14,Shopee,SKU003,Trà diếp cá rau má,Detox,1,41300.0,10500,10500,0.13,5369.0,25431.0,61.6
ORD00244,2026-06-14,Đại lý,SKU003,Trà diếp cá rau má,Detox,3,121400.0,10500,31500,0.0,0.0,89900.0,74.1
ORD00245,2026-06-14,Shopee,SKU007,Trà gừng mật ong,Giữ ấm,3,123300.0,11000,33000,0.13,16029.0,74271.0,60.2
ORD00246,2026-06-14,Đại lý,SKU007,Trà gừng mật ong,Giữ ấm,1,40200.0,11000,11000,0.0,0.0,29200.0,72.6
ORD00247,2026-06-14,Shopee,SKU007,Trà gừng mật ong,Giữ ấm,1,39600.0,11000,11000,0.13,5148.0,23452.0,59.2
ORD00248,2026-06-14,TikTok Shop,SKU005,Trà hoa cúc an thần,An thần,3,114500.0,9500,28500,0.16,18320.0,67680.0,59.1
ORD00249,2026-06-14,TikTok Shop,SKU002,Trà lá nam sen ổi,Thanh lọc,1,32600.0,8500,8500,0.16,5216.0,18884.0,57.9
ORD00250,2026-06-14,TikTok Shop,SKU003,Trà diếp cá rau má,Detox,2,77600.0,10500,21000,0.16,12416.0,44184.0,56.9
ORD00251,2026-06-14,Shopee,SKU002,Trà lá nam sen ổi,Thanh lọc,1,30600.0,8500,8500,0.13,3978.0,18122.0,59.2
ORD00252,2026-06-14,Shopee,SKU003,Trà diếp cá rau má,Detox,2,85400.0,10500,21000,0.13,11102.0,53298.0,62.4
ORD00253,2026-06-14,Shopee,SKU004,Trà cà leo gai giảm cân,Detox,1,55600.0,15000,15000,0.13,7228.0,33372.0,60.0
ORD00254,2026-06-14,Shopee,SKU007,Trà gừng mật ong,Giữ ấm,2,82100.0,11000,22000,0.13,10673.0,49427.0,60.2
ORD00255,2026-06-14,Shopee,SKU007,Trà gừng mật ong,Giữ ấm,1,38900.0,11000,11000,0.13,5057.0,22843.0,58.7
ORD00256,2026-06-15,Shopee,SKU008,Trà mâm xôi vitamin,Bổ sung dưỡng chất,3,108000.0,9800,29400,0.13,14040.0,64560.0,59.8
ORD00257,2026-06-15,Đại lý,SKU008,Trà mâm xôi vitamin,Bổ sung dưỡng chất,2,69100.0,9800,19600,0.0,0.0,49500.0,71.6
ORD00258,2026-06-15,Zalo/Fanpage,SKU001,Trà atiso thanh lọc,Thanh lọc,2,65400.0,9000,18000,0.0,0.0,47400.0,72.5
ORD00259,2026-06-15,Shopee,SKU006,Trà hoa đậu biếc,An thần,1,33500.0,8800,8800,0.13,4355.0,20345.0,60.7
ORD00260,2026-06-15,Zalo/Fanpage,SKU008,Trà mâm xôi vitamin,Bổ sung dưỡng chất,1,35800.0,9800,9800,0.0,0.0,26000.0,72.6
ORD00261,2026-06-15,TikTok Shop,SKU005,Trà hoa cúc an thần,An thần,2,72700.0,9500,19000,0.16,11632.0,42068.0,57.9
ORD00262,2026-06-15,TikTok Shop,SKU005,Trà hoa cúc an thần,An thần,3,115200.0,9500,28500,0.16,18432.0,68268.0,59.3
ORD00263,2026-06-15,Đại lý,SKU003,Trà diếp cá rau má,Detox,2,78400.0,10500,21000,0.0,0.0,57400.0,73.2
ORD00264,2026-06-15,Shopee,SKU001,Trà atiso thanh lọc,Thanh lọc,2,65300.0,9000,18000,0.13,8489.0,38811.0,59.4
ORD00265,2026-06-15,Shopee,SKU004,Trà cà leo gai giảm cân,Detox,2,106700.0,15000,30000,0.13,13871.0,62829.0,58.9
ORD00266,2026-06-15,TikTok Shop,SKU006,Trà hoa đậu biếc,An thần,2,65700.0,8800,17600,0.16,10512.0,37588.0,57.2
ORD00267,2026-06-16,Zalo/Fanpage,SKU008,Trà mâm xôi vitamin,Bổ sung dưỡng chất,3,100500.0,9800,29400,0.0,0.0,71100.0,70.7
ORD00268,2026-06-16,TikTok Shop,SKU004,Trà cà leo gai giảm cân,Detox,1,50800.0,15000,15000,0.16,8128.0,27672.0,54.5
ORD00269,2026-06-16,Shopee,SKU004,Trà cà leo gai giảm cân,Detox,1,55800.0,15000,15000,0.13,7254.0,33546.0,60.1
ORD00270,2026-06-16,Shopee,SKU005,Trà hoa cúc an thần,An thần,2,77500.0,9500,19000,0.13,10075.0,48425.0,62.5
ORD00271,2026-06-16,TikTok Shop,SKU001,Trà atiso thanh lọc,Thanh lọc,1,32900.0,9000,9000,0.16,5264.0,18636.0,56.6
ORD00272,2026-06-16,Shopee,SKU007,Trà gừng mật ong,Giữ ấm,2,74400.0,11000,22000,0.13,9672.0,42728.0,57.4
ORD00273,2026-06-16,Shopee,SKU005,Trà hoa cúc an thần,An thần,1,35200.0,9500,9500,0.13,4576.0,21124.0,60.0
ORD00274,2026-06-16,Shopee,SKU008,Trà mâm xôi vitamin,Bổ sung dưỡng chất,2,67900.0,9800,19600,0.13,8827.0,39473.0,58.1
ORD00275,2026-06-16,Zalo/Fanpage,SKU005,Trà hoa cúc an thần,An thần,2,71700.0,9500,19000,0.0,0.0,52700.0,73.5
ORD00276,2026-06-16,Zalo/Fanpage,SKU003,Trà diếp cá rau má,Detox,1,42300.0,10500,10500,0.0,0.0,31800.0,75.2
ORD00277,2026-06-16,TikTok Shop,SKU003,Trà diếp cá rau má,Detox,1,43200.0,10500,10500,0.16,6912.0,25788.0,59.7
ORD00278,2026-06-16,TikTok Shop,SKU006,Trà hoa đậu biếc,An thần,1,33800.0,8800,8800,0.16,5408.0,19592.0,58.0
ORD00279,2026-06-16,Shopee,SKU001,Trà atiso thanh lọc,Thanh lọc,1,34500.0,9000,9000,0.13,4485.0,21015.0,60.9
ORD00280,2026-06-16,Shopee,SKU003,Trà diếp cá rau má,Detox,1,42100.0,10500,10500,0.13,5473.0,26127.0,62.1
ORD00281,2026-06-16,TikTok Shop,SKU006,Trà hoa đậu biếc,An thần,2,65900.0,8800,17600,0.16,10544.0,37756.0,57.3
ORD00282,2026-06-16,Shopee,SKU004,Trà cà leo gai giảm cân,Detox,2,107300.0,15000,30000,0.13,13949.0,63351.0,59.0
ORD00283,2026-06-16,Đại lý,SKU001,Trà atiso thanh lọc,Thanh lọc,3,102600.0,9000,27000,0.0,0.0,75600.0,73.7
ORD00284,2026-06-16,TikTok Shop,SKU008,Trà mâm xôi vitamin,Bổ sung dưỡng chất,1,37100.0,9800,9800,0.16,5936.0,21364.0,57.6
ORD00285,2026-06-16,Zalo/Fanpage,SKU004,Trà cà leo gai giảm cân,Detox,1,53600.0,15000,15000,0.0,0.0,38600.0,72.0
ORD00286,2026-06-16,Đại lý,SKU001,Trà atiso thanh lọc,Thanh lọc,1,33400.0,9000,9000,0.0,0.0,24400.0,73.1
ORD00287,2026-06-16,Shopee,SKU002,Trà lá nam sen ổi,Thanh lọc,2,63300.0,8500,17000,0.13,8229.0,38071.0,60.1
ORD00288,2026-06-17,Zalo/Fanpage,SKU004,Trà cà leo gai giảm cân,Detox,2,107600.0,15000,30000,0.0,0.0,77600.0,72.1
ORD00289,2026-06-17,TikTok Shop,SKU005,Trà hoa cúc an thần,An thần,1,38300.0,9500,9500,0.16,6128.0,22672.0,59.2
ORD00290,2026-06-17,Shopee,SKU005,Trà hoa cúc an thần,An thần,2,75900.0,9500,19000,0.13,9867.0,47033.0,62.0
ORD00291,2026-06-17,Shopee,SKU004,Trà cà leo gai giảm cân,Detox,1,53100.0,15000,15000,0.13,6903.0,31197.0,58.8
ORD00292,2026-06-17,Zalo/Fanpage,SKU004,Trà cà leo gai giảm cân,Detox,3,153500.0,15000,45000,0.0,0.0,108500.0,70.7
ORD00293,2026-06-17,Shopee,SKU005,Trà hoa cúc an thần,An thần,1,38900.0,9500,9500,0.13,5057.0,24343.0,62.6
ORD00294,2026-06-17,TikTok Shop,SKU004,Trà cà leo gai giảm cân,Detox,1,55600.0,15000,15000,0.16,8896.0,31704.0,57.0
ORD00295,2026-06-17,Shopee,SKU001,Trà atiso thanh lọc,Thanh lọc,3,100900.0,9000,27000,0.13,13117.0,60783.0,60.2
ORD00296,2026-06-17,Shopee,SKU001,Trà atiso thanh lọc,Thanh lọc,2,68700.0,9000,18000,0.13,8931.0,41769.0,60.8
ORD00297,2026-06-17,TikTok Shop,SKU004,Trà cà leo gai giảm cân,Detox,3,168900.0,15000,45000,0.16,27024.0,96876.0,57.4
ORD00298,2026-06-17,Shopee,SKU008,Trà mâm xôi vitamin,Bổ sung dưỡng chất,1,37000.0,9800,9800,0.13,4810.0,22390.0,60.5
ORD00299,2026-06-17,TikTok Shop,SKU003,Trà diếp cá rau má,Detox,2,82000.0,10500,21000,0.16,13120.0,47880.0,58.4
ORD00300,2026-06-17,Shopee,SKU004,Trà cà leo gai giảm cân,Detox,1,52700.0,15000,15000,0.13,6851.0,30849.0,58.5
ORD00301,2026-06-17,TikTok Shop,SKU002,Trà lá nam sen ổi,Thanh lọc,1,31500.0,8500,8500,0.16,5040.0,17960.0,57.0
ORD00302,2026-06-17,Zalo/Fanpage,SKU007,Trà gừng mật ong,Giữ ấm,2,79000.0,11000,22000,0.0,0.0,57000.0,72.2
ORD00303,2026-06-17,TikTok Shop,SKU001,Trà atiso thanh lọc,Thanh lọc,3,106200.0,9000,27000,0.16,16992.0,62208.0,58.6
ORD00304,2026-06-17,Shopee,SKU002,Trà lá nam sen ổi,Thanh lọc,3,96400.0,8500,25500,0.13,12532.0,58368.0,60.5
ORD00305,2026-06-17,Đại lý,SKU003,Trà diếp cá rau má,Detox,1,42700.0,10500,10500,0.0,0.0,32200.0,75.4
ORD00306,2026-06-18,TikTok Shop,SKU001,Trà atiso thanh lọc,Thanh lọc,3,103900.0,9000,27000,0.16,16624.0,60276.0,58.0
ORD00307,2026-06-18,Shopee,SKU006,Trà hoa đậu biếc,An thần,1,32700.0,8800,8800,0.13,4251.0,19649.0,60.1
ORD00308,2026-06-18,TikTok Shop,SKU002,Trà lá nam sen ổi,Thanh lọc,1,32000.0,8500,8500,0.16,5120.0,18380.0,57.4
ORD00309,2026-06-18,Zalo/Fanpage,SKU005,Trà hoa cúc an thần,An thần,1,38700.0,9500,9500,0.0,0.0,29200.0,75.5
ORD00310,2026-06-18,Shopee,SKU006,Trà hoa đậu biếc,An thần,1,33800.0,8800,8800,0.13,4394.0,20606.0,61.0
ORD00311,2026-06-18,Shopee,SKU005,Trà hoa cúc an thần,An thần,2,75000.0,9500,19000,0.13,9750.0,46250.0,61.7
ORD00312,2026-06-18,Shopee,SKU003,Trà diếp cá rau má,Detox,2,78300.0,10500,21000,0.13,10179.0,47121.0,60.2
ORD00313,2026-06-18,Shopee,SKU003,Trà diếp cá rau má,Detox,3,124100.0,10500,31500,0.13,16133.0,76467.0,61.6
ORD00314,2026-06-18,TikTok Shop,SKU003,Trà diếp cá rau má,Detox,1,40500.0,10500,10500,0.16,6480.0,23520.0,58.1
ORD00315,2026-06-18,TikTok Shop,SKU001,Trà atiso thanh lọc,Thanh lọc,1,35800.0,9000,9000,0.16,5728.0,21072.0,58.9
ORD00316,2026-06-18,Zalo/Fanpage,SKU007,Trà gừng mật ong,Giữ ấm,1,38200.0,11000,11000,0.0,0.0,27200.0,71.2
ORD00317,2026-06-18,Shopee,SKU006,Trà hoa đậu biếc,An thần,1,31800.0,8800,8800,0.13,4134.0,18866.0,59.3
ORD00318,2026-06-18,TikTok Shop,SKU003,Trà diếp cá rau má,Detox,2,85000.0,10500,21000,0.16,13600.0,50400.0,59.3
ORD00319,2026-06-18,Zalo/Fanpage,SKU001,Trà atiso thanh lọc,Thanh lọc,3,97100.0,9000,27000,0.0,0.0,70100.0,72.2
ORD00320,2026-06-18,Shopee,SKU008,Trà mâm xôi vitamin,Bổ sung dưỡng chất,1,35400.0,9800,9800,0.13,4602.0,20998.0,59.3
ORD00321,2026-06-18,TikTok Shop,SKU006,Trà hoa đậu biếc,An thần,2,64700.0,8800,17600,0.16,10352.0,36748.0,56.8
ORD00322,2026-06-18,Shopee,SKU008,Trà mâm xôi vitamin,Bổ sung dưỡng chất,1,36300.0,9800,9800,0.13,4719.0,21781.0,60.0
ORD00323,2026-06-18,TikTok Shop,SKU007,Trà gừng mật ong,Giữ ấm,1,37200.0,11000,11000,0.16,5952.0,20248.0,54.4
ORD00324,2026-06-18,Zalo/Fanpage,SKU002,Trà lá nam sen ổi,Thanh lọc,2,61700.0,8500,17000,0.0,0.0,44700.0,72.4
ORD00325,2026-06-19,Shopee,SKU003,Trà diếp cá rau má,Detox,1,39700.0,10500,10500,0.13,5161.0,24039.0,60.6
ORD00326,2026-06-19,Zalo/Fanpage,SKU001,Trà atiso thanh lọc,Thanh lọc,3,97900.0,9000,27000,0.0,0.0,70900.0,72.4
ORD00327,2026-06-19,TikTok Shop,SKU008,Trà mâm xôi vitamin,Bổ sung dưỡng chất,1,34500.0,9800,9800,0.16,5520.0,19180.0,55.6
ORD00328,2026-06-19,Đại lý,SKU006,Trà hoa đậu biếc,An thần,1,32200.0,8800,8800,0.0,0.0,23400.0,72.7
ORD00329,2026-06-19,Shopee,SKU002,Trà lá nam sen ổi,Thanh lọc,2,60000.0,8500,17000,0.13,7800.0,35200.0,58.7
ORD00330,2026-06-19,Zalo/Fanpage,SKU001,Trà atiso thanh lọc,Thanh lọc,3,102300.0,9000,27000,0.0,0.0,75300.0,73.6
ORD00331,2026-06-19,Zalo/Fanpage,SKU007,Trà gừng mật ong,Giữ ấm,2,79600.0,11000,22000,0.0,0.0,57600.0,72.4
ORD00332,2026-06-19,Zalo/Fanpage,SKU006,Trà hoa đậu biếc,An thần,2,65000.0,8800,17600,0.0,0.0,47400.0,72.9
ORD00333,2026-06-19,Đại lý,SKU003,Trà diếp cá rau má,Detox,2,77900.0,10500,21000,0.0,0.0,56900.0,73.0
ORD00334,2026-06-19,Shopee,SKU003,Trà diếp cá rau má,Detox,1,41400.0,10500,10500,0.13,5382.0,25518.0,61.6
ORD00335,2026-06-19,Shopee,SKU001,Trà atiso thanh lọc,Thanh lọc,2,67900.0,9000,18000,0.13,8827.0,41073.0,60.5
ORD00336,2026-06-20,Shopee,SKU003,Trà diếp cá rau má,Detox,3,127900.0,10500,31500,0.13,16627.0,79773.0,62.4
ORD00337,2026-06-20,Zalo/Fanpage,SKU006,Trà hoa đậu biếc,An thần,2,65400.0,8800,17600,0.0,0.0,47800.0,73.1
ORD00338,2026-06-20,TikTok Shop,SKU008,Trà mâm xôi vitamin,Bổ sung dưỡng chất,3,110000.0,9800,29400,0.16,17600.0,63000.0,57.3
ORD00339,2026-06-20,Shopee,SKU007,Trà gừng mật ong,Giữ ấm,3,112900.0,11000,33000,0.13,14677.0,65223.0,57.8
ORD00340,2026-06-20,TikTok Shop,SKU004,Trà cà leo gai giảm cân,Detox,1,53300.0,15000,15000,0.16,8528.0,29772.0,55.9
ORD00341,2026-06-20,Zalo/Fanpage,SKU007,Trà gừng mật ong,Giữ ấm,3,111500.0,11000,33000,0.0,0.0,78500.0,70.4
ORD00342,2026-06-20,TikTok Shop,SKU001,Trà atiso thanh lọc,Thanh lọc,3,101700.0,9000,27000,0.16,16272.0,58428.0,57.5
ORD00343,2026-06-20,Shopee,SKU004,Trà cà leo gai giảm cân,Detox,1,52800.0,15000,15000,0.13,6864.0,30936.0,58.6
ORD00344,2026-06-20,Đại lý,SKU004,Trà cà leo gai giảm cân,Detox,1,54700.0,15000,15000,0.0,0.0,39700.0,72.6
ORD00345,2026-06-20,Shopee,SKU005,Trà hoa cúc an thần,An thần,1,35200.0,9500,9500,0.13,4576.0,21124.0,60.0
ORD00346,2026-06-20,Shopee,SKU005,Trà hoa cúc an thần,An thần,1,36000.0,9500,9500,0.13,4680.0,21820.0,60.6
ORD00347,2026-06-20,Zalo/Fanpage,SKU008,Trà mâm xôi vitamin,Bổ sung dưỡng chất,2,73200.0,9800,19600,0.0,0.0,53600.0,73.2
ORD00348,2026-06-20,Shopee,SKU004,Trà cà leo gai giảm cân,Detox,1,56100.0,15000,15000,0.13,7293.0,33807.0,60.3
ORD00349,2026-06-20,Shopee,SKU005,Trà hoa cúc an thần,An thần,3,109800.0,9500,28500,0.13,14274.0,67026.0,61.0
ORD00350,2026-06-20,TikTok Shop,SKU008,Trà mâm xôi vitamin,Bổ sung dưỡng chất,1,35300.0,9800,9800,0.16,5648.0,19852.0,56.2
ORD00351,2026-06-21,Zalo/Fanpage,SKU007,Trà gừng mật ong,Giữ ấm,3,119700.0,11000,33000,0.0,0.0,86700.0,72.4
ORD00352,2026-06-21,Đại lý,SKU008,Trà mâm xôi vitamin,Bổ sung dưỡng chất,2,67000.0,9800,19600,0.0,0.0,47400.0,70.7
ORD00353,2026-06-21,TikTok Shop,SKU004,Trà cà leo gai giảm cân,Detox,1,52800.0,15000,15000,0.16,8448.0,29352.0,55.6
ORD00354,2026-06-21,Shopee,SKU003,Trà diếp cá rau má,Detox,2,79100.0,10500,21000,0.13,10283.0,47817.0,60.5
ORD00355,2026-06-21,Đại lý,SKU002,Trà lá nam sen ổi,Thanh lọc,1,32400.0,8500,8500,0.0,0.0,23900.0,73.8
ORD00356,2026-06-21,Shopee,SKU006,Trà hoa đậu biếc,An thần,3,103800.0,8800,26400,0.13,13494.0,63906.0,61.6
ORD00357,2026-06-21,Shopee,SKU003,Trà diếp cá rau má,Detox,2,78500.0,10500,21000,0.13,10205.0,47295.0,60.2
ORD00358,2026-06-21,Shopee,SKU002,Trà lá nam sen ổi,Thanh lọc,3,96500.0,8500,25500,0.13,12545.0,58455.0,60.6
ORD00359,2026-06-21,Zalo/Fanpage,SKU002,Trà lá nam sen ổi,Thanh lọc,2,59200.0,8500,17000,0.0,0.0,42200.0,71.3
ORD00360,2026-06-21,Shopee,SKU006,Trà hoa đậu biếc,An thần,2,67100.0,8800,17600,0.13,8723.0,40777.0,60.8
ORD00361,2026-06-21,Zalo/Fanpage,SKU007,Trà gừng mật ong,Giữ ấm,1,39100.0,11000,11000,0.0,0.0,28100.0,71.9
ORD00362,2026-06-21,Shopee,SKU007,Trà gừng mật ong,Giữ ấm,2,81600.0,11000,22000,0.13,10608.0,48992.0,60.0
ORD00363,2026-06-21,Shopee,SKU005,Trà hoa cúc an thần,An thần,2,78100.0,9500,19000,0.13,10153.0,48947.0,62.7
ORD00364,2026-06-21,TikTok Shop,SKU003,Trà diếp cá rau má,Detox,2,81900.0,10500,21000,0.16,13104.0,47796.0,58.4
ORD00365,2026-06-21,Shopee,SKU002,Trà lá nam sen ổi,Thanh lọc,1,32300.0,8500,8500,0.13,4199.0,19601.0,60.7
ORD00366,2026-06-21,Shopee,SKU003,Trà diếp cá rau má,Detox,3,122600.0,10500,31500,0.13,15938.0,75162.0,61.3
ORD00367,2026-06-21,Shopee,SKU008,Trà mâm xôi vitamin,Bổ sung dưỡng chất,3,109400.0,9800,29400,0.13,14222.0,65778.0,60.1
ORD00368,2026-06-21,Zalo/Fanpage,SKU002,Trà lá nam sen ổi,Thanh lọc,1,30400.0,8500,8500,0.0,0.0,21900.0,72.0
ORD00369,2026-06-21,Đại lý,SKU002,Trà lá nam sen ổi,Thanh lọc,2,59500.0,8500,17000,0.0,0.0,42500.0,71.4
ORD00370,2026-06-21,Đại lý,SKU007,Trà gừng mật ong,Giữ ấm,1,40900.0,11000,11000,0.0,0.0,29900.0,73.1
ORD00371,2026-06-21,Shopee,SKU003,Trà diếp cá rau má,Detox,1,39700.0,10500,10500,0.13,5161.0,24039.0,60.6
ORD00372,2026-06-21,Đại lý,SKU004,Trà cà leo gai giảm cân,Detox,1,52500.0,15000,15000,0.0,0.0,37500.0,71.4
ORD00373,2026-06-21,Shopee,SKU006,Trà hoa đậu biếc,An thần,1,34200.0,8800,8800,0.13,4446.0,20954.0,61.3
ORD00374,2026-06-21,Shopee,SKU003,Trà diếp cá rau má,Detox,2,83700.0,10500,21000,0.13,10881.0,51819.0,61.9
ORD00375,2026-06-21,Shopee,SKU006,Trà hoa đậu biếc,An thần,2,67200.0,8800,17600,0.13,8736.0,40864.0,60.8
ORD00376,2026-06-22,Shopee,SKU003,Trà diếp cá rau má,Detox,1,41200.0,10500,10500,0.13,5356.0,25344.0,61.5
ORD00377,2026-06-22,Zalo/Fanpage,SKU005,Trà hoa cúc an thần,An thần,1,38200.0,9500,9500,0.0,0.0,28700.0,75.1
ORD00378,2026-06-22,Shopee,SKU002,Trà lá nam sen ổi,Thanh lọc,1,30900.0,8500,8500,0.13,4017.0,18383.0,59.5
ORD00379,2026-06-22,Zalo/Fanpage,SKU005,Trà hoa cúc an thần,An thần,1,38500.0,9500,9500,0.0,0.0,29000.0,75.3
ORD00380,2026-06-22,TikTok Shop,SKU004,Trà cà leo gai giảm cân,Detox,3,161200.0,15000,45000,0.16,25792.0,90408.0,56.1
ORD00381,2026-06-22,Shopee,SKU002,Trà lá nam sen ổi,Thanh lọc,2,58900.0,8500,17000,0.13,7657.0,34243.0,58.1
ORD00382,2026-06-22,Shopee,SKU004,Trà cà leo gai giảm cân,Detox,1,54600.0,15000,15000,0.13,7098.0,32502.0,59.5
ORD00383,2026-06-22,Shopee,SKU008,Trà mâm xôi vitamin,Bổ sung dưỡng chất,1,36900.0,9800,9800,0.13,4797.0,22303.0,60.4
ORD00384,2026-06-22,TikTok Shop,SKU006,Trà hoa đậu biếc,An thần,2,66700.0,8800,17600,0.16,10672.0,38428.0,57.6
ORD00385,2026-06-22,Shopee,SKU004,Trà cà leo gai giảm cân,Detox,3,158800.0,15000,45000,0.13,20644.0,93156.0,58.7
ORD00386,2026-06-22,Shopee,SKU006,Trà hoa đậu biếc,An thần,1,34200.0,8800,8800,0.13,4446.0,20954.0,61.3
ORD00387,2026-06-23,Shopee,SKU005,Trà hoa cúc an thần,An thần,1,38200.0,9500,9500,0.13,4966.0,23734.0,62.1
ORD00388,2026-06-23,Zalo/Fanpage,SKU003,Trà diếp cá rau má,Detox,1,40300.0,10500,10500,0.0,0.0,29800.0,73.9
ORD00389,2026-06-23,Shopee,SKU005,Trà hoa cúc an thần,An thần,3,110700.0,9500,28500,0.13,14391.0,67809.0,61.3
ORD00390,2026-06-23,TikTok Shop,SKU005,Trà hoa cúc an thần,An thần,1,35200.0,9500,9500,0.16,5632.0,20068.0,57.0
ORD00391,2026-06-23,Zalo/Fanpage,SKU005,Trà hoa cúc an thần,An thần,1,35800.0,9500,9500,0.0,0.0,26300.0,73.5
ORD00392,2026-06-23,Zalo/Fanpage,SKU008,Trà mâm xôi vitamin,Bổ sung dưỡng chất,1,36800.0,9800,9800,0.0,0.0,27000.0,73.4
ORD00393,2026-06-23,TikTok Shop,SKU008,Trà mâm xôi vitamin,Bổ sung dưỡng chất,2,70000.0,9800,19600,0.16,11200.0,39200.0,56.0
ORD00394,2026-06-23,Shopee,SKU005,Trà hoa cúc an thần,An thần,1,36500.0,9500,9500,0.13,4745.0,22255.0,61.0
ORD00395,2026-06-23,Zalo/Fanpage,SKU008,Trà mâm xôi vitamin,Bổ sung dưỡng chất,1,34200.0,9800,9800,0.0,0.0,24400.0,71.3
ORD00396,2026-06-23,Zalo/Fanpage,SKU005,Trà hoa cúc an thần,An thần,2,76100.0,9500,19000,0.0,0.0,57100.0,75.0
ORD00397,2026-06-23,Zalo/Fanpage,SKU004,Trà cà leo gai giảm cân,Detox,1,53600.0,15000,15000,0.0,0.0,38600.0,72.0
ORD00398,2026-06-23,TikTok Shop,SKU008,Trà mâm xôi vitamin,Bổ sung dưỡng chất,2,68400.0,9800,19600,0.16,10944.0,37856.0,55.3
ORD00399,2026-06-23,Shopee,SKU004,Trà cà leo gai giảm cân,Detox,2,108500.0,15000,30000,0.13,14105.0,64395.0,59.4
ORD00400,2026-06-23,Zalo/Fanpage,SKU005,Trà hoa cúc an thần,An thần,1,35400.0,9500,9500,0.0,0.0,25900.0,73.2
ORD00401,2026-06-23,Shopee,SKU003,Trà diếp cá rau má,Detox,2,82800.0,10500,21000,0.13,10764.0,51036.0,61.6
ORD00402,2026-06-24,Shopee,SKU004,Trà cà leo gai giảm cân,Detox,2,101700.0,15000,30000,0.13,13221.0,58479.0,57.5
ORD00403,2026-06-24,Zalo/Fanpage,SKU003,Trà diếp cá rau má,Detox,2,79800.0,10500,21000,0.0,0.0,58800.0,73.7
ORD00404,2026-06-24,Đại lý,SKU008,Trà mâm xôi vitamin,Bổ sung dưỡng chất,1,35800.0,9800,9800,0.0,0.0,26000.0,72.6
ORD00405,2026-06-24,Shopee,SKU004,Trà cà leo gai giảm cân,Detox,3,164100.0,15000,45000,0.13,21333.0,97767.0,59.6
ORD00406,2026-06-24,Đại lý,SKU001,Trà atiso thanh lọc,Thanh lọc,2,69600.0,9000,18000,0.0,0.0,51600.0,74.1
ORD00407,2026-06-24,Shopee,SKU002,Trà lá nam sen ổi,Thanh lọc,1,32200.0,8500,8500,0.13,4186.0,19514.0,60.6
ORD00408,2026-06-24,Shopee,SKU003,Trà diếp cá rau má,Detox,2,77600.0,10500,21000,0.13,10088.0,46512.0,59.9
ORD00409,2026-06-24,Shopee,SKU004,Trà cà leo gai giảm cân,Detox,1,52900.0,15000,15000,0.13,6877.0,31023.0,58.6
ORD00410,2026-06-24,Zalo/Fanpage,SKU006,Trà hoa đậu biếc,An thần,2,65300.0,8800,17600,0.0,0.0,47700.0,73.0
ORD00411,2026-06-24,Shopee,SKU003,Trà diếp cá rau má,Detox,1,38800.0,10500,10500,0.13,5044.0,23256.0,59.9
ORD00412,2026-06-24,Shopee,SKU004,Trà cà leo gai giảm cân,Detox,2,102600.0,15000,30000,0.13,13338.0,59262.0,57.8
ORD00413,2026-06-24,Zalo/Fanpage,SKU006,Trà hoa đậu biếc,An thần,1,35000.0,8800,8800,0.0,0.0,26200.0,74.9
ORD00414,2026-06-24,Shopee,SKU008,Trà mâm xôi vitamin,Bổ sung dưỡng chất,2,67800.0,9800,19600,0.13,8814.0,39386.0,58.1
ORD00415,2026-06-24,Shopee,SKU001,Trà atiso thanh lọc,Thanh lọc,1,35700.0,9000,9000,0.13,4641.0,22059.0,61.8
ORD00416,2026-06-24,Shopee,SKU001,Trà atiso thanh lọc,Thanh lọc,3,107800.0,9000,27000,0.13,14014.0,66786.0,62.0
ORD00417,2026-06-24,Đại lý,SKU006,Trà hoa đậu biếc,An thần,3,94600.0,8800,26400,0.0,0.0,68200.0,72.1
ORD00418,2026-06-25,Shopee,SKU003,Trà diếp cá rau má,Detox,1,41900.0,10500,10500,0.13,5447.0,25953.0,61.9
ORD00419,2026-06-25,Đại lý,SKU006,Trà hoa đậu biếc,An thần,1,33200.0,8800,8800,0.0,0.0,24400.0,73.5
ORD00420,2026-06-25,Shopee,SKU003,Trà diếp cá rau má,Detox,1,39700.0,10500,10500,0.13,5161.0,24039.0,60.6
ORD00421,2026-06-25,TikTok Shop,SKU003,Trà diếp cá rau má,Detox,2,80700.0,10500,21000,0.16,12912.0,46788.0,58.0
ORD00422,2026-06-25,Zalo/Fanpage,SKU005,Trà hoa cúc an thần,An thần,2,77300.0,9500,19000,0.0,0.0,58300.0,75.4
ORD00423,2026-06-25,Shopee,SKU003,Trà diếp cá rau má,Detox,3,125900.0,10500,31500,0.13,16367.0,78033.0,62.0
ORD00424,2026-06-25,TikTok Shop,SKU006,Trà hoa đậu biếc,An thần,2,63100.0,8800,17600,0.16,10096.0,35404.0,56.1
ORD00425,2026-06-25,Đại lý,SKU006,Trà hoa đậu biếc,An thần,2,66000.0,8800,17600,0.0,0.0,48400.0,73.3
ORD00426,2026-06-25,TikTok Shop,SKU002,Trà lá nam sen ổi,Thanh lọc,2,63400.0,8500,17000,0.16,10144.0,36256.0,57.2
ORD00427,2026-06-25,Shopee,SKU008,Trà mâm xôi vitamin,Bổ sung dưỡng chất,2,70200.0,9800,19600,0.13,9126.0,41474.0,59.1
ORD00428,2026-06-25,Zalo/Fanpage,SKU007,Trà gừng mật ong,Giữ ấm,2,74900.0,11000,22000,0.0,0.0,52900.0,70.6
ORD00429,2026-06-25,Shopee,SKU003,Trà diếp cá rau má,Detox,3,119000.0,10500,31500,0.13,15470.0,72030.0,60.5
ORD00430,2026-06-25,Đại lý,SKU005,Trà hoa cúc an thần,An thần,1,38500.0,9500,9500,0.0,0.0,29000.0,75.3
ORD00431,2026-06-25,Shopee,SKU005,Trà hoa cúc an thần,An thần,2,72200.0,9500,19000,0.13,9386.0,43814.0,60.7
ORD00432,2026-06-25,TikTok Shop,SKU005,Trà hoa cúc an thần,An thần,1,37100.0,9500,9500,0.16,5936.0,21664.0,58.4
ORD00433,2026-06-25,Shopee,SKU008,Trà mâm xôi vitamin,Bổ sung dưỡng chất,1,33800.0,9800,9800,0.13,4394.0,19606.0,58.0
ORD00434,2026-06-25,TikTok Shop,SKU008,Trà mâm xôi vitamin,Bổ sung dưỡng chất,1,36500.0,9800,9800,0.16,5840.0,20860.0,57.2
ORD00435,2026-06-25,TikTok Shop,SKU007,Trà gừng mật ong,Giữ ấm,1,37200.0,11000,11000,0.16,5952.0,20248.0,54.4
ORD00436,2026-06-26,Zalo/Fanpage,SKU002,Trà lá nam sen ổi,Thanh lọc,1,32100.0,8500,8500,0.0,0.0,23600.0,73.5
ORD00437,2026-06-26,Shopee,SKU005,Trà hoa cúc an thần,An thần,2,77400.0,9500,19000,0.13,10062.0,48338.0,62.5
ORD00438,2026-06-26,TikTok Shop,SKU005,Trà hoa cúc an thần,An thần,1,37000.0,9500,9500,0.16,5920.0,21580.0,58.3
ORD00439,2026-06-26,Zalo/Fanpage,SKU006,Trà hoa đậu biếc,An thần,1,33000.0,8800,8800,0.0,0.0,24200.0,73.3
ORD00440,2026-06-26,TikTok Shop,SKU002,Trà lá nam sen ổi,Thanh lọc,2,62300.0,8500,17000,0.16,9968.0,35332.0,56.7
ORD00441,2026-06-26,Shopee,SKU005,Trà hoa cúc an thần,An thần,1,38600.0,9500,9500,0.13,5018.0,24082.0,62.4
ORD00442,2026-06-26,Shopee,SKU008,Trà mâm xôi vitamin,Bổ sung dưỡng chất,1,37000.0,9800,9800,0.13,4810.0,22390.0,60.5
ORD00443,2026-06-26,Shopee,SKU003,Trà diếp cá rau má,Detox,2,78300.0,10500,21000,0.13,10179.0,47121.0,60.2
ORD00444,2026-06-26,Shopee,SKU002,Trà lá nam sen ổi,Thanh lọc,2,60600.0,8500,17000,0.13,7878.0,35722.0,58.9
ORD00445,2026-06-26,Shopee,SKU003,Trà diếp cá rau má,Detox,2,85300.0,10500,21000,0.13,11089.0,53211.0,62.4
ORD00446,2026-06-26,Shopee,SKU008,Trà mâm xôi vitamin,Bổ sung dưỡng chất,1,36300.0,9800,9800,0.13,4719.0,21781.0,60.0
ORD00447,2026-06-26,Đại lý,SKU007,Trà gừng mật ong,Giữ ấm,1,40200.0,11000,11000,0.0,0.0,29200.0,72.6
ORD00448,2026-06-26,TikTok Shop,SKU004,Trà cà leo gai giảm cân,Detox,2,111800.0,15000,30000,0.16,17888.0,63912.0,57.2
ORD00449,2026-06-26,TikTok Shop,SKU001,Trà atiso thanh lọc,Thanh lọc,2,68300.0,9000,18000,0.16,10928.0,39372.0,57.6
ORD00450,2026-06-26,Đại lý,SKU002,Trà lá nam sen ổi,Thanh lọc,1,29600.0,8500,8500,0.0,0.0,21100.0,71.3
ORD00451,2026-06-26,Shopee,SKU004,Trà cà leo gai giảm cân,Detox,3,164000.0,15000,45000,0.13,21320.0,97680.0,59.6
ORD00452,2026-06-26,Shopee,SKU001,Trà atiso thanh lọc,Thanh lọc,1,33900.0,9000,9000,0.13,4407.0,20493.0,60.5
ORD00453,2026-06-26,Zalo/Fanpage,SKU007,Trà gừng mật ong,Giữ ấm,2,76800.0,11000,22000,0.0,0.0,54800.0,71.4
ORD00454,2026-06-26,Shopee,SKU004,Trà cà leo gai giảm cân,Detox,1,52800.0,15000,15000,0.13,6864.0,30936.0,58.6
ORD00455,2026-06-26,Shopee,SKU003,Trà diếp cá rau má,Detox,2,84300.0,10500,21000,0.13,10959.0,52341.0,62.1
ORD00456,2026-06-27,Zalo/Fanpage,SKU006,Trà hoa đậu biếc,An thần,2,63400.0,8800,17600,0.0,0.0,45800.0,72.2
ORD00457,2026-06-27,Đại lý,SKU004,Trà cà leo gai giảm cân,Detox,1,54000.0,15000,15000,0.0,0.0,39000.0,72.2
ORD00458,2026-06-27,Shopee,SKU002,Trà lá nam sen ổi,Thanh lọc,2,62500.0,8500,17000,0.13,8125.0,37375.0,59.8
ORD00459,2026-06-27,TikTok Shop,SKU001,Trà atiso thanh lọc,Thanh lọc,1,34900.0,9000,9000,0.16,5584.0,20316.0,58.2
ORD00460,2026-06-27,Zalo/Fanpage,SKU005,Trà hoa cúc an thần,An thần,1,37500.0,9500,9500,0.0,0.0,28000.0,74.7
ORD00461,2026-06-27,TikTok Shop,SKU003,Trà diếp cá rau má,Detox,2,80200.0,10500,21000,0.16,12832.0,46368.0,57.8
ORD00462,2026-06-27,Shopee,SKU005,Trà hoa cúc an thần,An thần,1,37400.0,9500,9500,0.13,4862.0,23038.0,61.6
ORD00463,2026-06-27,TikTok Shop,SKU004,Trà cà leo gai giảm cân,Detox,2,109800.0,15000,30000,0.16,17568.0,62232.0,56.7
ORD00464,2026-06-27,Shopee,SKU007,Trà gừng mật ong,Giữ ấm,1,38300.0,11000,11000,0.13,4979.0,22321.0,58.3
ORD00465,2026-06-27,Shopee,SKU004,Trà cà leo gai giảm cân,Detox,1,55400.0,15000,15000,0.13,7202.0,33198.0,59.9
ORD00466,2026-06-27,Zalo/Fanpage,SKU006,Trà hoa đậu biếc,An thần,1,33500.0,8800,8800,0.0,0.0,24700.0,73.7
ORD00467,2026-06-27,Shopee,SKU005,Trà hoa cúc an thần,An thần,2,74700.0,9500,19000,0.13,9711.0,45989.0,61.6
ORD00468,2026-06-27,Zalo/Fanpage,SKU006,Trà hoa đậu biếc,An thần,1,33200.0,8800,8800,0.0,0.0,24400.0,73.5
ORD00469,2026-06-27,Zalo/Fanpage,SKU007,Trà gừng mật ong,Giữ ấm,2,74900.0,11000,22000,0.0,0.0,52900.0,70.6
ORD00470,2026-06-27,TikTok Shop,SKU001,Trà atiso thanh lọc,Thanh lọc,3,97900.0,9000,27000,0.16,15664.0,55236.0,56.4
ORD00471,2026-06-27,Shopee,SKU003,Trà diếp cá rau má,Detox,1,40500.0,10500,10500,0.13,5265.0,24735.0,61.1
ORD00472,2026-06-27,Shopee,SKU004,Trà cà leo gai giảm cân,Detox,2,112300.0,15000,30000,0.13,14599.0,67701.0,60.3
ORD00473,2026-06-27,Zalo/Fanpage,SKU007,Trà gừng mật ong,Giữ ấm,1,39900.0,11000,11000,0.0,0.0,28900.0,72.4
ORD00474,2026-06-27,TikTok Shop,SKU004,Trà cà leo gai giảm cân,Detox,3,160500.0,15000,45000,0.16,25680.0,89820.0,56.0
ORD00475,2026-06-28,Shopee,SKU002,Trà lá nam sen ổi,Thanh lọc,2,61300.0,8500,17000,0.13,7969.0,36331.0,59.3
ORD00476,2026-06-28,Shopee,SKU006,Trà hoa đậu biếc,An thần,3,101500.0,8800,26400,0.13,13195.0,61905.0,61.0
ORD00477,2026-06-28,Zalo/Fanpage,SKU002,Trà lá nam sen ổi,Thanh lọc,2,60200.0,8500,17000,0.0,0.0,43200.0,71.8
ORD00478,2026-06-28,Shopee,SKU004,Trà cà leo gai giảm cân,Detox,1,56300.0,15000,15000,0.13,7319.0,33981.0,60.4
ORD00479,2026-06-28,Đại lý,SKU007,Trà gừng mật ong,Giữ ấm,3,113100.0,11000,33000,0.0,0.0,80100.0,70.8
ORD00480,2026-06-28,Zalo/Fanpage,SKU003,Trà diếp cá rau má,Detox,1,41200.0,10500,10500,0.0,0.0,30700.0,74.5
ORD00481,2026-06-28,Đại lý,SKU007,Trà gừng mật ong,Giữ ấm,1,37300.0,11000,11000,0.0,0.0,26300.0,70.5
ORD00482,2026-06-28,TikTok Shop,SKU003,Trà diếp cá rau má,Detox,2,84800.0,10500,21000,0.16,13568.0,50232.0,59.2
ORD00483,2026-06-28,Đại lý,SKU007,Trà gừng mật ong,Giữ ấm,1,37000.0,11000,11000,0.0,0.0,26000.0,70.3
ORD00484,2026-06-28,Đại lý,SKU001,Trà atiso thanh lọc,Thanh lọc,2,69500.0,9000,18000,0.0,0.0,51500.0,74.1
ORD00485,2026-06-28,Zalo/Fanpage,SKU002,Trà lá nam sen ổi,Thanh lọc,2,60800.0,8500,17000,0.0,0.0,43800.0,72.0
ORD00486,2026-06-28,TikTok Shop,SKU003,Trà diếp cá rau má,Detox,1,41500.0,10500,10500,0.16,6640.0,24360.0,58.7
ORD00487,2026-06-28,TikTok Shop,SKU003,Trà diếp cá rau má,Detox,3,128500.0,10500,31500,0.16,20560.0,76440.0,59.5
ORD00488,2026-06-28,Shopee,SKU003,Trà diếp cá rau má,Detox,1,40500.0,10500,10500,0.13,5265.0,24735.0,61.1
ORD00489,2026-06-28,Zalo/Fanpage,SKU001,Trà atiso thanh lọc,Thanh lọc,1,32200.0,9000,9000,0.0,0.0,23200.0,72.0
ORD00490,2026-06-28,TikTok Shop,SKU008,Trà mâm xôi vitamin,Bổ sung dưỡng chất,2,71400.0,9800,19600,0.16,11424.0,40376.0,56.5
ORD00491,2026-06-28,Zalo/Fanpage,SKU005,Trà hoa cúc an thần,An thần,3,107400.0,9500,28500,0.0,0.0,78900.0,73.5
ORD00492,2026-06-28,Đại lý,SKU003,Trà diếp cá rau má,Detox,3,116700.0,10500,31500,0.0,0.0,85200.0,73.0
ORD00493,2026-06-28,Zalo/Fanpage,SKU006,Trà hoa đậu biếc,An thần,1,33300.0,8800,8800,0.0,0.0,24500.0,73.6
ORD00494,2026-06-28,Zalo/Fanpage,SKU008,Trà mâm xôi vitamin,Bổ sung dưỡng chất,1,34800.0,9800,9800,0.0,0.0,25000.0,71.8
ORD00495,2026-06-28,Zalo/Fanpage,SKU008,Trà mâm xôi vitamin,Bổ sung dưỡng chất,1,37100.0,9800,9800,0.0,0.0,27300.0,73.6
ORD00496,2026-06-29,Zalo/Fanpage,SKU002,Trà lá nam sen ổi,Thanh lọc,3,98500.0,8500,25500,0.0,0.0,73000.0,74.1
ORD00497,2026-06-29,Đại lý,SKU008,Trà mâm xôi vitamin,Bổ sung dưỡng chất,1,34300.0,9800,9800,0.0,0.0,24500.0,71.4
ORD00498,2026-06-29,TikTok Shop,SKU008,Trà mâm xôi vitamin,Bổ sung dưỡng chất,1,34200.0,9800,9800,0.16,5472.0,18928.0,55.3
ORD00499,2026-06-29,Đại lý,SKU005,Trà hoa cúc an thần,An thần,2,77400.0,9500,19000,0.0,0.0,58400.0,75.5
ORD00500,2026-06-29,Shopee,SKU004,Trà cà leo gai giảm cân,Detox,1,51800.0,15000,15000,0.13,6734.0,30066.0,58.0
ORD00501,2026-06-29,Shopee,SKU002,Trà lá nam sen ổi,Thanh lọc,2,63400.0,8500,17000,0.13,8242.0,38158.0,60.2
ORD00502,2026-06-29,Zalo/Fanpage,SKU001,Trà atiso thanh lọc,Thanh lọc,1,35200.0,9000,9000,0.0,0.0,26200.0,74.4
ORD00503,2026-06-29,TikTok Shop,SKU006,Trà hoa đậu biếc,An thần,1,33600.0,8800,8800,0.16,5376.0,19424.0,57.8
ORD00504,2026-06-29,TikTok Shop,SKU004,Trà cà leo gai giảm cân,Detox,2,107400.0,15000,30000,0.16,17184.0,60216.0,56.1
ORD00505,2026-06-29,Shopee,SKU005,Trà hoa cúc an thần,An thần,1,39100.0,9500,9500,0.13,5083.0,24517.0,62.7
ORD00506,2026-06-29,TikTok Shop,SKU008,Trà mâm xôi vitamin,Bổ sung dưỡng chất,1,34200.0,9800,9800,0.16,5472.0,18928.0,55.3
ORD00507,2026-06-29,Shopee,SKU006,Trà hoa đậu biếc,An thần,1,32400.0,8800,8800,0.13,4212.0,19388.0,59.8
ORD00508,2026-06-29,Zalo/Fanpage,SKU001,Trà atiso thanh lọc,Thanh lọc,3,100800.0,9000,27000,0.0,0.0,73800.0,73.2
ORD00509,2026-06-29,Shopee,SKU005,Trà hoa cúc an thần,An thần,2,72500.0,9500,19000,0.13,9425.0,44075.0,60.8
ORD00510,2026-06-29,Shopee,SKU004,Trà cà leo gai giảm cân,Detox,3,165800.0,15000,45000,0.13,21554.0,99246.0,59.9
ORD00511,2026-06-29,TikTok Shop,SKU005,Trà hoa cúc an thần,An thần,1,36500.0,9500,9500,0.16,5840.0,21160.0,58.0
ORD00512,2026-06-30,Shopee,SKU002,Trà lá nam sen ổi,Thanh lọc,1,31000.0,8500,8500,0.13,4030.0,18470.0,59.6
ORD00513,2026-06-30,Đại lý,SKU004,Trà cà leo gai giảm cân,Detox,3,161800.0,15000,45000,0.0,0.0,116800.0,72.2
ORD00514,2026-06-30,TikTok Shop,SKU004,Trà cà leo gai giảm cân,Detox,3,166800.0,15000,45000,0.16,26688.0,95112.0,57.0
ORD00515,2026-06-30,Zalo/Fanpage,SKU006,Trà hoa đậu biếc,An thần,2,69100.0,8800,17600,0.0,0.0,51500.0,74.5
ORD00516,2026-06-30,Shopee,SKU004,Trà cà leo gai giảm cân,Detox,3,158400.0,15000,45000,0.13,20592.0,92808.0,58.6
ORD00517,2026-06-30,Đại lý,SKU001,Trà atiso thanh lọc,Thanh lọc,2,71400.0,9000,18000,0.0,0.0,53400.0,74.8
ORD00518,2026-06-30,Shopee,SKU004,Trà cà leo gai giảm cân,Detox,1,52600.0,15000,15000,0.13,6838.0,30762.0,58.5
ORD00519,2026-06-30,TikTok Shop,SKU002,Trà lá nam sen ổi,Thanh lọc,1,32000.0,8500,8500,0.16,5120.0,18380.0,57.4
ORD00520,2026-06-30,TikTok Shop,SKU007,Trà gừng mật ong,Giữ ấm,2,80700.0,11000,22000,0.16,12912.0,45788.0,56.7
ORD00521,2026-06-30,TikTok Shop,SKU004,Trà cà leo gai giảm cân,Detox,2,108000.0,15000,30000,0.16,17280.0,60720.0,56.2
ORD00522,2026-06-30,TikTok Shop,SKU005,Trà hoa cúc an thần,An thần,1,38000.0,9500,9500,0.16,6080.0,22420.0,59.0
ORD00523,2026-06-30,Shopee,SKU007,Trà gừng mật ong,Giữ ấm,3,113300.0,11000,33000,0.13,14729.0,65571.0,57.9
ORD00524,2026-06-30,Shopee,SKU004,Trà cà leo gai giảm cân,Detox,3,153000.0,15000,45000,0.13,19890.0,88110.0,57.6
ORD00525,2026-07-01,Đại lý,SKU001,Trà atiso thanh lọc,Thanh lọc,2,64600.0,9000,18000,0.0,0.0,46600.0,72.1
ORD00526,2026-07-01,Shopee,SKU006,Trà hoa đậu biếc,An thần,3,104800.0,8800,26400,0.13,13624.0,64776.0,61.8
ORD00527,2026-07-01,TikTok Shop,SKU004,Trà cà leo gai giảm cân,Detox,2,106600.0,15000,30000,0.16,17056.0,59544.0,55.9
ORD00528,2026-07-01,Đại lý,SKU004,Trà cà leo gai giảm cân,Detox,1,54700.0,15000,15000,0.0,0.0,39700.0,72.6
ORD00529,2026-07-01,TikTok Shop,SKU004,Trà cà leo gai giảm cân,Detox,3,167400.0,15000,45000,0.16,26784.0,95616.0,57.1
ORD00530,2026-07-01,Shopee,SKU008,Trà mâm xôi vitamin,Bổ sung dưỡng chất,2,70400.0,9800,19600,0.13,9152.0,41648.0,59.2
ORD00531,2026-07-01,Zalo/Fanpage,SKU002,Trà lá nam sen ổi,Thanh lọc,1,32100.0,8500,8500,0.0,0.0,23600.0,73.5
ORD00532,2026-07-01,Đại lý,SKU005,Trà hoa cúc an thần,An thần,3,111700.0,9500,28500,0.0,0.0,83200.0,74.5
ORD00533,2026-07-01,TikTok Shop,SKU007,Trà gừng mật ong,Giữ ấm,1,38800.0,11000,11000,0.16,6208.0,21592.0,55.6
ORD00534,2026-07-01,Shopee,SKU002,Trà lá nam sen ổi,Thanh lọc,3,96400.0,8500,25500,0.13,12532.0,58368.0,60.5
ORD00535,2026-07-02,Zalo/Fanpage,SKU004,Trà cà leo gai giảm cân,Detox,1,52100.0,15000,15000,0.0,0.0,37100.0,71.2
ORD00536,2026-07-02,Shopee,SKU004,Trà cà leo gai giảm cân,Detox,2,108400.0,15000,30000,0.13,14092.0,64308.0,59.3
ORD00537,2026-07-02,Zalo/Fanpage,SKU001,Trà atiso thanh lọc,Thanh lọc,3,97100.0,9000,27000,0.0,0.0,70100.0,72.2
ORD00538,2026-07-02,Shopee,SKU004,Trà cà leo gai giảm cân,Detox,1,51400.0,15000,15000,0.13,6682.0,29718.0,57.8
ORD00539,2026-07-02,Đại lý,SKU002,Trà lá nam sen ổi,Thanh lọc,3,94400.0,8500,25500,0.0,0.0,68900.0,73.0
ORD00540,2026-07-02,TikTok Shop,SKU006,Trà hoa đậu biếc,An thần,1,32200.0,8800,8800,0.16,5152.0,18248.0,56.7
ORD00541,2026-07-02,Zalo/Fanpage,SKU008,Trà mâm xôi vitamin,Bổ sung dưỡng chất,2,68000.0,9800,19600,0.0,0.0,48400.0,71.2
ORD00542,2026-07-02,Shopee,SKU001,Trà atiso thanh lọc,Thanh lọc,2,71200.0,9000,18000,0.13,9256.0,43944.0,61.7
ORD00543,2026-07-02,Đại lý,SKU006,Trà hoa đậu biếc,An thần,2,66700.0,8800,17600,0.0,0.0,49100.0,73.6
ORD00544,2026-07-02,Shopee,SKU003,Trà diếp cá rau má,Detox,3,125200.0,10500,31500,0.13,16276.0,77424.0,61.8
ORD00545,2026-07-03,TikTok Shop,SKU005,Trà hoa cúc an thần,An thần,2,71200.0,9500,19000,0.16,11392.0,40808.0,57.3
ORD00546,2026-07-03,Shopee,SKU006,Trà hoa đậu biếc,An thần,2,64400.0,8800,17600,0.13,8372.0,38428.0,59.7
ORD00547,2026-07-03,Shopee,SKU007,Trà gừng mật ong,Giữ ấm,1,40300.0,11000,11000,0.13,5239.0,24061.0,59.7
ORD00548,2026-07-03,Đại lý,SKU005,Trà hoa cúc an thần,An thần,2,74600.0,9500,19000,0.0,0.0,55600.0,74.5
ORD00549,2026-07-03,Shopee,SKU003,Trà diếp cá rau má,Detox,1,40200.0,10500,10500,0.13,5226.0,24474.0,60.9
ORD00550,2026-07-03,Shopee,SKU004,Trà cà leo gai giảm cân,Detox,1,51200.0,15000,15000,0.13,6656.0,29544.0,57.7
ORD00551,2026-07-03,Zalo/Fanpage,SKU002,Trà lá nam sen ổi,Thanh lọc,1,30800.0,8500,8500,0.0,0.0,22300.0,72.4
ORD00552,2026-07-03,TikTok Shop,SKU001,Trà atiso thanh lọc,Thanh lọc,1,32900.0,9000,9000,0.16,5264.0,18636.0,56.6
ORD00553,2026-07-03,Zalo/Fanpage,SKU007,Trà gừng mật ong,Giữ ấm,2,75500.0,11000,22000,0.0,0.0,53500.0,70.9
ORD00554,2026-07-03,Shopee,SKU008,Trà mâm xôi vitamin,Bổ sung dưỡng chất,1,36900.0,9800,9800,0.13,4797.0,22303.0,60.4
ORD00555,2026-07-03,Shopee,SKU008,Trà mâm xôi vitamin,Bổ sung dưỡng chất,3,100800.0,9800,29400,0.13,13104.0,58296.0,57.8
ORD00556,2026-07-03,Đại lý,SKU005,Trà hoa cúc an thần,An thần,1,37900.0,9500,9500,0.0,0.0,28400.0,74.9
ORD00557,2026-07-03,Zalo/Fanpage,SKU004,Trà cà leo gai giảm cân,Detox,1,53900.0,15000,15000,0.0,0.0,38900.0,72.2
ORD00558,2026-07-03,Zalo/Fanpage,SKU004,Trà cà leo gai giảm cân,Detox,2,109000.0,15000,30000,0.0,0.0,79000.0,72.5
ORD00559,2026-07-03,Shopee,SKU003,Trà diếp cá rau má,Detox,2,81600.0,10500,21000,0.13,10608.0,49992.0,61.3
ORD00560,2026-07-03,Zalo/Fanpage,SKU007,Trà gừng mật ong,Giữ ấm,1,40800.0,11000,11000,0.0,0.0,29800.0,73.0
ORD00561,2026-07-03,Shopee,SKU004,Trà cà leo gai giảm cân,Detox,2,111700.0,15000,30000,0.13,14521.0,67179.0,60.1
ORD00562,2026-07-03,Zalo/Fanpage,SKU001,Trà atiso thanh lọc,Thanh lọc,2,71600.0,9000,18000,0.0,0.0,53600.0,74.9
ORD00563,2026-07-03,TikTok Shop,SKU004,Trà cà leo gai giảm cân,Detox,1,51800.0,15000,15000,0.16,8288.0,28512.0,55.0
ORD00564,2026-07-03,Shopee,SKU004,Trà cà leo gai giảm cân,Detox,1,53600.0,15000,15000,0.13,6968.0,31632.0,59.0
ORD00565,2026-07-03,TikTok Shop,SKU005,Trà hoa cúc an thần,An thần,1,38200.0,9500,9500,0.16,6112.0,22588.0,59.1
ORD00566,2026-07-03,TikTok Shop,SKU006,Trà hoa đậu biếc,An thần,3,99300.0,8800,26400,0.16,15888.0,57012.0,57.4
ORD00567,2026-07-04,Zalo/Fanpage,SKU003,Trà diếp cá rau má,Detox,1,42000.0,10500,10500,0.0,0.0,31500.0,75.0
ORD00568,2026-07-04,TikTok Shop,SKU008,Trà mâm xôi vitamin,Bổ sung dưỡng chất,2,74100.0,9800,19600,0.16,11856.0,42644.0,57.5
ORD00569,2026-07-04,Đại lý,SKU005,Trà hoa cúc an thần,An thần,1,38900.0,9500,9500,0.0,0.0,29400.0,75.6
ORD00570,2026-07-04,TikTok Shop,SKU006,Trà hoa đậu biếc,An thần,2,63600.0,8800,17600,0.16,10176.0,35824.0,56.3
ORD00571,2026-07-04,TikTok Shop,SKU001,Trà atiso thanh lọc,Thanh lọc,1,32200.0,9000,9000,0.16,5152.0,18048.0,56.0
ORD00572,2026-07-04,TikTok Shop,SKU003,Trà diếp cá rau má,Detox,2,83200.0,10500,21000,0.16,13312.0,48888.0,58.8
ORD00573,2026-07-04,Đại lý,SKU008,Trà mâm xôi vitamin,Bổ sung dưỡng chất,3,105200.0,9800,29400,0.0,0.0,75800.0,72.1
ORD00574,2026-07-04,Shopee,SKU004,Trà cà leo gai giảm cân,Detox,1,50700.0,15000,15000,0.13,6591.0,29109.0,57.4
ORD00575,2026-07-04,Zalo/Fanpage,SKU005,Trà hoa cúc an thần,An thần,1,35000.0,9500,9500,0.0,0.0,25500.0,72.9
ORD00576,2026-07-04,Zalo/Fanpage,SKU006,Trà hoa đậu biếc,An thần,1,31700.0,8800,8800,0.0,0.0,22900.0,72.2
ORD00577,2026-07-04,Shopee,SKU002,Trà lá nam sen ổi,Thanh lọc,1,31600.0,8500,8500,0.13,4108.0,18992.0,60.1
ORD00578,2026-07-04,Shopee,SKU003,Trà diếp cá rau má,Detox,2,78000.0,10500,21000,0.13,10140.0,46860.0,60.1
ORD00579,2026-07-04,Đại lý,SKU005,Trà hoa cúc an thần,An thần,1,39100.0,9500,9500,0.0,0.0,29600.0,75.7
ORD00580,2026-07-04,Shopee,SKU005,Trà hoa cúc an thần,An thần,1,37700.0,9500,9500,0.13,4901.0,23299.0,61.8
ORD00581,2026-07-04,Zalo/Fanpage,SKU007,Trà gừng mật ong,Giữ ấm,1,38600.0,11000,11000,0.0,0.0,27600.0,71.5
ORD00582,2026-07-04,Shopee,SKU004,Trà cà leo gai giảm cân,Detox,3,152000.0,15000,45000,0.13,19760.0,87240.0,57.4
ORD00583,2026-07-04,Shopee,SKU004,Trà cà leo gai giảm cân,Detox,2,109000.0,15000,30000,0.13,14170.0,64830.0,59.5
ORD00584,2026-07-05,TikTok Shop,SKU007,Trà gừng mật ong,Giữ ấm,1,40700.0,11000,11000,0.16,6512.0,23188.0,57.0
ORD00585,2026-07-05,Đại lý,SKU002,Trà lá nam sen ổi,Thanh lọc,3,97700.0,8500,25500,0.0,0.0,72200.0,73.9
ORD00586,2026-07-05,TikTok Shop,SKU001,Trà atiso thanh lọc,Thanh lọc,1,34800.0,9000,9000,0.16,5568.0,20232.0,58.1
ORD00587,2026-07-05,Shopee,SKU004,Trà cà leo gai giảm cân,Detox,3,152400.0,15000,45000,0.13,19812.0,87588.0,57.5
ORD00588,2026-07-05,Đại lý,SKU003,Trà diếp cá rau má,Detox,1,41400.0,10500,10500,0.0,0.0,30900.0,74.6
ORD00589,2026-07-05,Zalo/Fanpage,SKU006,Trà hoa đậu biếc,An thần,2,69500.0,8800,17600,0.0,0.0,51900.0,74.7
ORD00590,2026-07-05,Shopee,SKU004,Trà cà leo gai giảm cân,Detox,2,111300.0,15000,30000,0.13,14469.0,66831.0,60.0
ORD00591,2026-07-05,Shopee,SKU007,Trà gừng mật ong,Giữ ấm,1,38500.0,11000,11000,0.13,5005.0,22495.0,58.4
ORD00592,2026-07-05,Zalo/Fanpage,SKU007,Trà gừng mật ong,Giữ ấm,3,120000.0,11000,33000,0.0,0.0,87000.0,72.5
ORD00593,2026-07-05,TikTok Shop,SKU008,Trà mâm xôi vitamin,Bổ sung dưỡng chất,1,33500.0,9800,9800,0.16,5360.0,18340.0,54.7
ORD00594,2026-07-05,Shopee,SKU001,Trà atiso thanh lọc,Thanh lọc,2,70300.0,9000,18000,0.13,9139.0,43161.0,61.4
ORD00595,2026-07-05,Đại lý,SKU004,Trà cà leo gai giảm cân,Detox,1,50800.0,15000,15000,0.0,0.0,35800.0,70.5
ORD00596,2026-07-05,Shopee,SKU008,Trà mâm xôi vitamin,Bổ sung dưỡng chất,2,68000.0,9800,19600,0.13,8840.0,39560.0,58.2
ORD00597,2026-07-05,TikTok Shop,SKU003,Trà diếp cá rau má,Detox,1,41800.0,10500,10500,0.16,6688.0,24612.0,58.9
ORD00598,2026-07-05,TikTok Shop,SKU001,Trà atiso thanh lọc,Thanh lọc,2,66700.0,9000,18000,0.16,10672.0,38028.0,57.0
ORD00599,2026-07-05,Shopee,SKU001,Trà atiso thanh lọc,Thanh lọc,1,32800.0,9000,9000,0.13,4264.0,19536.0,59.6
ORD00600,2026-07-05,Zalo/Fanpage,SKU006,Trà hoa đậu biếc,An thần,3,98200.0,8800,26400,0.0,0.0,71800.0,73.1
ORD00601,2026-07-05,Shopee,SKU001,Trà atiso thanh lọc,Thanh lọc,1,33900.0,9000,9000,0.13,4407.0,20493.0,60.5
ORD00602,2026-07-05,Zalo/Fanpage,SKU001,Trà atiso thanh lọc,Thanh lọc,1,32900.0,9000,9000,0.0,0.0,23900.0,72.6
ORD00603,2026-07-05,Shopee,SKU004,Trà cà leo gai giảm cân,Detox,2,102400.0,15000,30000,0.13,13312.0,59088.0,57.7
ORD00604,2026-07-06,Shopee,SKU001,Trà atiso thanh lọc,Thanh lọc,2,70400.0,9000,18000,0.13,9152.0,43248.0,61.4
ORD00605,2026-07-06,Zalo/Fanpage,SKU001,Trà atiso thanh lọc,Thanh lọc,2,67400.0,9000,18000,0.0,0.0,49400.0,73.3
ORD00606,2026-07-06,Shopee,SKU008,Trà mâm xôi vitamin,Bổ sung dưỡng chất,1,35400.0,9800,9800,0.13,4602.0,20998.0,59.3
ORD00607,2026-07-06,Shopee,SKU003,Trà diếp cá rau má,Detox,1,39900.0,10500,10500,0.13,5187.0,24213.0,60.7
ORD00608,2026-07-06,Shopee,SKU002,Trà lá nam sen ổi,Thanh lọc,1,31000.0,8500,8500,0.13,4030.0,18470.0,59.6
ORD00609,2026-07-06,Shopee,SKU004,Trà cà leo gai giảm cân,Detox,1,52800.0,15000,15000,0.13,6864.0,30936.0,58.6
ORD00610,2026-07-06,Đại lý,SKU007,Trà gừng mật ong,Giữ ấm,2,78800.0,11000,22000,0.0,0.0,56800.0,72.1
ORD00611,2026-07-06,Shopee,SKU002,Trà lá nam sen ổi,Thanh lọc,1,29500.0,8500,8500,0.13,3835.0,17165.0,58.2
ORD00612,2026-07-06,Shopee,SKU007,Trà gừng mật ong,Giữ ấm,2,80700.0,11000,22000,0.13,10491.0,48209.0,59.7
ORD00613,2026-07-06,Shopee,SKU003,Trà diếp cá rau má,Detox,3,129400.0,10500,31500,0.13,16822.0,81078.0,62.7
ORD00614,2026-07-06,Shopee,SKU003,Trà diếp cá rau má,Detox,3,118700.0,10500,31500,0.13,15431.0,71769.0,60.5
ORD00615,2026-07-07,Shopee,SKU003,Trà diếp cá rau má,Detox,1,40000.0,10500,10500,0.13,5200.0,24300.0,60.8
ORD00616,2026-07-07,TikTok Shop,SKU004,Trà cà leo gai giảm cân,Detox,2,110700.0,15000,30000,0.16,17712.0,62988.0,56.9
ORD00617,2026-07-07,Shopee,SKU003,Trà diếp cá rau má,Detox,2,80700.0,10500,21000,0.13,10491.0,49209.0,61.0
ORD00618,2026-07-07,Đại lý,SKU002,Trà lá nam sen ổi,Thanh lọc,2,60100.0,8500,17000,0.0,0.0,43100.0,71.7
ORD00619,2026-07-07,Zalo/Fanpage,SKU001,Trà atiso thanh lọc,Thanh lọc,3,101900.0,9000,27000,0.0,0.0,74900.0,73.5
ORD00620,2026-07-07,Zalo/Fanpage,SKU005,Trà hoa cúc an thần,An thần,1,38400.0,9500,9500,0.0,0.0,28900.0,75.3
ORD00621,2026-07-07,Shopee,SKU007,Trà gừng mật ong,Giữ ấm,2,79500.0,11000,22000,0.13,10335.0,47165.0,59.3
ORD00622,2026-07-07,Shopee,SKU003,Trà diếp cá rau má,Detox,1,41700.0,10500,10500,0.13,5421.0,25779.0,61.8
ORD00623,2026-07-07,Zalo/Fanpage,SKU007,Trà gừng mật ong,Giữ ấm,1,38800.0,11000,11000,0.0,0.0,27800.0,71.6
ORD00624,2026-07-07,TikTok Shop,SKU004,Trà cà leo gai giảm cân,Detox,2,107300.0,15000,30000,0.16,17168.0,60132.0,56.0
ORD00625,2026-07-07,Đại lý,SKU006,Trà hoa đậu biếc,An thần,2,62800.0,8800,17600,0.0,0.0,45200.0,72.0
ORD00626,2026-07-07,Đại lý,SKU006,Trà hoa đậu biếc,An thần,2,67000.0,8800,17600,0.0,0.0,49400.0,73.7
ORD00627,2026-07-07,Đại lý,SKU001,Trà atiso thanh lọc,Thanh lọc,1,34700.0,9000,9000,0.0,0.0,25700.0,74.1
ORD00628,2026-07-07,Shopee,SKU005,Trà hoa cúc an thần,An thần,1,37300.0,9500,9500,0.13,4849.0,22951.0,61.5
ORD00629,2026-07-07,TikTok Shop,SKU005,Trà hoa cúc an thần,An thần,1,39000.0,9500,9500,0.16,6240.0,23260.0,59.6
ORD00630,2026-07-08,Shopee,SKU001,Trà atiso thanh lọc,Thanh lọc,1,34200.0,9000,9000,0.13,4446.0,20754.0,60.7
ORD00631,2026-07-08,TikTok Shop,SKU004,Trà cà leo gai giảm cân,Detox,2,103900.0,15000,30000,0.16,16624.0,57276.0,55.1
ORD00632,2026-07-08,Shopee,SKU004,Trà cà leo gai giảm cân,Detox,3,162500.0,15000,45000,0.13,21125.0,96375.0,59.3
ORD00633,2026-07-08,TikTok Shop,SKU003,Trà diếp cá rau má,Detox,1,40900.0,10500,10500,0.16,6544.0,23856.0,58.3
ORD00634,2026-07-08,Shopee,SKU008,Trà mâm xôi vitamin,Bổ sung dưỡng chất,1,33600.0,9800,9800,0.13,4368.0,19432.0,57.8
ORD00635,2026-07-08,Đại lý,SKU001,Trà atiso thanh lọc,Thanh lọc,1,33500.0,9000,9000,0.0,0.0,24500.0,73.1
ORD00636,2026-07-08,Zalo/Fanpage,SKU005,Trà hoa cúc an thần,An thần,1,37000.0,9500,9500,0.0,0.0,27500.0,74.3
ORD00637,2026-07-08,Shopee,SKU005,Trà hoa cúc an thần,An thần,1,35200.0,9500,9500,0.13,4576.0,21124.0,60.0
ORD00638,2026-07-08,Shopee,SKU006,Trà hoa đậu biếc,An thần,1,34500.0,8800,8800,0.13,4485.0,21215.0,61.5
ORD00639,2026-07-08,TikTok Shop,SKU005,Trà hoa cúc an thần,An thần,1,38800.0,9500,9500,0.16,6208.0,23092.0,59.5
ORD00640,2026-07-08,Zalo/Fanpage,SKU005,Trà hoa cúc an thần,An thần,2,71300.0,9500,19000,0.0,0.0,52300.0,73.4
ORD00641,2026-07-08,TikTok Shop,SKU008,Trà mâm xôi vitamin,Bổ sung dưỡng chất,1,36300.0,9800,9800,0.16,5808.0,20692.0,57.0
ORD00642,2026-07-08,TikTok Shop,SKU002,Trà lá nam sen ổi,Thanh lọc,3,92900.0,8500,25500,0.16,14864.0,52536.0,56.6
ORD00643,2026-07-08,Shopee,SKU005,Trà hoa cúc an thần,An thần,1,36800.0,9500,9500,0.13,4784.0,22516.0,61.2
ORD00644,2026-07-08,Shopee,SKU001,Trà atiso thanh lọc,Thanh lọc,1,33000.0,9000,9000,0.13,4290.0,19710.0,59.7
ORD00645,2026-07-08,Zalo/Fanpage,SKU007,Trà gừng mật ong,Giữ ấm,1,39300.0,11000,11000,0.0,0.0,28300.0,72.0
ORD00646,2026-07-09,Zalo/Fanpage,SKU002,Trà lá nam sen ổi,Thanh lọc,1,30100.0,8500,8500,0.0,0.0,21600.0,71.8
ORD00647,2026-07-09,Shopee,SKU005,Trà hoa cúc an thần,An thần,2,74300.0,9500,19000,0.13,9659.0,45641.0,61.4
ORD00648,2026-07-09,TikTok Shop,SKU004,Trà cà leo gai giảm cân,Detox,2,105900.0,15000,30000,0.16,16944.0,58956.0,55.7
ORD00649,2026-07-09,Shopee,SKU003,Trà diếp cá rau má,Detox,2,83000.0,10500,21000,0.13,10790.0,51210.0,61.7
ORD00650,2026-07-09,Zalo/Fanpage,SKU006,Trà hoa đậu biếc,An thần,1,34700.0,8800,8800,0.0,0.0,25900.0,74.6
ORD00651,2026-07-09,TikTok Shop,SKU005,Trà hoa cúc an thần,An thần,1,35500.0,9500,9500,0.16,5680.0,20320.0,57.2
ORD00652,2026-07-09,Shopee,SKU002,Trà lá nam sen ổi,Thanh lọc,3,89800.0,8500,25500,0.13,11674.0,52626.0,58.6
ORD00653,2026-07-09,Shopee,SKU004,Trà cà leo gai giảm cân,Detox,2,105800.0,15000,30000,0.13,13754.0,62046.0,58.6
ORD00654,2026-07-09,Shopee,SKU005,Trà hoa cúc an thần,An thần,3,116400.0,9500,28500,0.13,15132.0,72768.0,62.5
ORD00655,2026-07-09,Đại lý,SKU002,Trà lá nam sen ổi,Thanh lọc,1,31200.0,8500,8500,0.0,0.0,22700.0,72.8
ORD00656,2026-07-09,Shopee,SKU003,Trà diếp cá rau má,Detox,2,83000.0,10500,21000,0.13,10790.0,51210.0,61.7
ORD00657,2026-07-09,Zalo/Fanpage,SKU008,Trà mâm xôi vitamin,Bổ sung dưỡng chất,2,67300.0,9800,19600,0.0,0.0,47700.0,70.9
ORD00658,2026-07-09,Zalo/Fanpage,SKU008,Trà mâm xôi vitamin,Bổ sung dưỡng chất,2,71400.0,9800,19600,0.0,0.0,51800.0,72.5
ORD00659,2026-07-09,Shopee,SKU004,Trà cà leo gai giảm cân,Detox,3,167000.0,15000,45000,0.13,21710.0,100290.0,60.1
ORD00660,2026-07-09,TikTok Shop,SKU001,Trà atiso thanh lọc,Thanh lọc,1,35300.0,9000,9000,0.16,5648.0,20652.0,58.5
ORD00661,2026-07-09,Shopee,SKU001,Trà atiso thanh lọc,Thanh lọc,1,34300.0,9000,9000,0.13,4459.0,20841.0,60.8
ORD00662,2026-07-09,Shopee,SKU004,Trà cà leo gai giảm cân,Detox,3,165800.0,15000,45000,0.13,21554.0,99246.0,59.9
ORD00663,2026-07-09,TikTok Shop,SKU004,Trà cà leo gai giảm cân,Detox,2,102600.0,15000,30000,0.16,16416.0,56184.0,54.8
ORD00664,2026-07-09,Zalo/Fanpage,SKU007,Trà gừng mật ong,Giữ ấm,1,39200.0,11000,11000,0.0,0.0,28200.0,71.9
ORD00665,2026-07-09,Zalo/Fanpage,SKU007,Trà gừng mật ong,Giữ ấm,2,78400.0,11000,22000,0.0,0.0,56400.0,71.9
ORD00666,2026-07-09,Đại lý,SKU001,Trà atiso thanh lọc,Thanh lọc,3,105300.0,9000,27000,0.0,0.0,78300.0,74.4
ORD00667,2026-07-09,Shopee,SKU008,Trà mâm xôi vitamin,Bổ sung dưỡng chất,2,68300.0,9800,19600,0.13,8879.0,39821.0,58.3
ORD00668,2026-07-10,Shopee,SKU008,Trà mâm xôi vitamin,Bổ sung dưỡng chất,1,34000.0,9800,9800,0.13,4420.0,19780.0,58.2
ORD00669,2026-07-10,Zalo/Fanpage,SKU006,Trà hoa đậu biếc,An thần,3,100700.0,8800,26400,0.0,0.0,74300.0,73.8
ORD00670,2026-07-10,Shopee,SKU005,Trà hoa cúc an thần,An thần,1,38400.0,9500,9500,0.13,4992.0,23908.0,62.3
ORD00671,2026-07-10,Zalo/Fanpage,SKU005,Trà hoa cúc an thần,An thần,2,72300.0,9500,19000,0.0,0.0,53300.0,73.7
ORD00672,2026-07-10,TikTok Shop,SKU003,Trà diếp cá rau má,Detox,3,120000.0,10500,31500,0.16,19200.0,69300.0,57.8
ORD00673,2026-07-10,TikTok Shop,SKU008,Trà mâm xôi vitamin,Bổ sung dưỡng chất,2,74000.0,9800,19600,0.16,11840.0,42560.0,57.5
ORD00674,2026-07-10,TikTok Shop,SKU001,Trà atiso thanh lọc,Thanh lọc,2,71500.0,9000,18000,0.16,11440.0,42060.0,58.8
ORD00675,2026-07-10,Đại lý,SKU008,Trà mâm xôi vitamin,Bổ sung dưỡng chất,1,35900.0,9800,9800,0.0,0.0,26100.0,72.7
ORD00676,2026-07-10,Shopee,SKU002,Trà lá nam sen ổi,Thanh lọc,1,32400.0,8500,8500,0.13,4212.0,19688.0,60.8
ORD00677,2026-07-10,Zalo/Fanpage,SKU006,Trà hoa đậu biếc,An thần,2,63600.0,8800,17600,0.0,0.0,46000.0,72.3
ORD00678,2026-07-10,TikTok Shop,SKU005,Trà hoa cúc an thần,An thần,2,73700.0,9500,19000,0.16,11792.0,42908.0,58.2
ORD00679,2026-07-11,Zalo/Fanpage,SKU007,Trà gừng mật ong,Giữ ấm,2,78100.0,11000,22000,0.0,0.0,56100.0,71.8
ORD00680,2026-07-11,Shopee,SKU008,Trà mâm xôi vitamin,Bổ sung dưỡng chất,1,34900.0,9800,9800,0.13,4537.0,20563.0,58.9
ORD00681,2026-07-11,TikTok Shop,SKU004,Trà cà leo gai giảm cân,Detox,3,153500.0,15000,45000,0.16,24560.0,83940.0,54.7
ORD00682,2026-07-11,Đại lý,SKU006,Trà hoa đậu biếc,An thần,3,97900.0,8800,26400,0.0,0.0,71500.0,73.0
ORD00683,2026-07-11,Shopee,SKU004,Trà cà leo gai giảm cân,Detox,1,56500.0,15000,15000,0.13,7345.0,34155.0,60.5
ORD00684,2026-07-11,Zalo/Fanpage,SKU005,Trà hoa cúc an thần,An thần,1,38400.0,9500,9500,0.0,0.0,28900.0,75.3
ORD00685,2026-07-11,Shopee,SKU004,Trà cà leo gai giảm cân,Detox,2,111500.0,15000,30000,0.13,14495.0,67005.0,60.1
ORD00686,2026-07-11,Zalo/Fanpage,SKU008,Trà mâm xôi vitamin,Bổ sung dưỡng chất,1,33300.0,9800,9800,0.0,0.0,23500.0,70.6
ORD00687,2026-07-11,TikTok Shop,SKU007,Trà gừng mật ong,Giữ ấm,1,37300.0,11000,11000,0.16,5968.0,20332.0,54.5
ORD00688,2026-07-11,Zalo/Fanpage,SKU005,Trà hoa cúc an thần,An thần,1,39100.0,9500,9500,0.0,0.0,29600.0,75.7
ORD00689,2026-07-11,Shopee,SKU008,Trà mâm xôi vitamin,Bổ sung dưỡng chất,1,36600.0,9800,9800,0.13,4758.0,22042.0,60.2
ORD00690,2026-07-11,Shopee,SKU007,Trà gừng mật ong,Giữ ấm,1,37200.0,11000,11000,0.13,4836.0,21364.0,57.4
ORD00691,2026-07-11,Shopee,SKU001,Trà atiso thanh lọc,Thanh lọc,3,107000.0,9000,27000,0.13,13910.0,66090.0,61.8
ORD00692,2026-07-11,Shopee,SKU003,Trà diếp cá rau má,Detox,1,42000.0,10500,10500,0.13,5460.0,26040.0,62.0
ORD00693,2026-07-11,Zalo/Fanpage,SKU005,Trà hoa cúc an thần,An thần,1,37900.0,9500,9500,0.0,0.0,28400.0,74.9
ORD00694,2026-07-11,Shopee,SKU004,Trà cà leo gai giảm cân,Detox,1,54200.0,15000,15000,0.13,7046.0,32154.0,59.3
ORD00695,2026-07-11,TikTok Shop,SKU004,Trà cà leo gai giảm cân,Detox,1,54800.0,15000,15000,0.16,8768.0,31032.0,56.6
ORD00696,2026-07-11,Zalo/Fanpage,SKU008,Trà mâm xôi vitamin,Bổ sung dưỡng chất,2,71700.0,9800,19600,0.0,0.0,52100.0,72.7
ORD00697,2026-07-11,TikTok Shop,SKU003,Trà diếp cá rau má,Detox,1,42000.0,10500,10500,0.16,6720.0,24780.0,59.0
ORD00698,2026-07-11,Shopee,SKU003,Trà diếp cá rau má,Detox,1,39300.0,10500,10500,0.13,5109.0,23691.0,60.3
ORD00699,2026-07-11,Zalo/Fanpage,SKU007,Trà gừng mật ong,Giữ ấm,1,39600.0,11000,11000,0.0,0.0,28600.0,72.2
ORD00700,2026-07-11,TikTok Shop,SKU001,Trà atiso thanh lọc,Thanh lọc,2,64500.0,9000,18000,0.16,10320.0,36180.0,56.1
ORD00701,2026-07-11,TikTok Shop,SKU004,Trà cà leo gai giảm cân,Detox,3,155700.0,15000,45000,0.16,24912.0,85788.0,55.1
ORD00702,2026-07-11,Zalo/Fanpage,SKU008,Trà mâm xôi vitamin,Bổ sung dưỡng chất,2,71700.0,9800,19600,0.0,0.0,52100.0,72.7
ORD00703,2026-07-11,Zalo/Fanpage,SKU001,Trà atiso thanh lọc,Thanh lọc,1,32700.0,9000,9000,0.0,0.0,23700.0,72.5
ORD00704,2026-07-12,TikTok Shop,SKU003,Trà diếp cá rau má,Detox,2,80200.0,10500,21000,0.16,12832.0,46368.0,57.8
ORD00705,2026-07-12,Shopee,SKU003,Trà diếp cá rau má,Detox,1,39800.0,10500,10500,0.13,5174.0,24126.0,60.6
ORD00706,2026-07-12,TikTok Shop,SKU006,Trà hoa đậu biếc,An thần,1,34200.0,8800,8800,0.16,5472.0,19928.0,58.3
ORD00707,2026-07-12,TikTok Shop,SKU007,Trà gừng mật ong,Giữ ấm,3,122000.0,11000,33000,0.16,19520.0,69480.0,57.0
ORD00708,2026-07-12,Shopee,SKU005,Trà hoa cúc an thần,An thần,1,38100.0,9500,9500,0.13,4953.0,23647.0,62.1
ORD00709,2026-07-12,Shopee,SKU001,Trà atiso thanh lọc,Thanh lọc,1,34100.0,9000,9000,0.13,4433.0,20667.0,60.6
ORD00710,2026-07-12,Shopee,SKU004,Trà cà leo gai giảm cân,Detox,2,102100.0,15000,30000,0.13,13273.0,58827.0,57.6
ORD00711,2026-07-12,Zalo/Fanpage,SKU001,Trà atiso thanh lọc,Thanh lọc,1,35800.0,9000,9000,0.0,0.0,26800.0,74.9
ORD00712,2026-07-12,Shopee,SKU007,Trà gừng mật ong,Giữ ấm,2,77300.0,11000,22000,0.13,10049.0,45251.0,58.5
ORD00713,2026-07-12,TikTok Shop,SKU002,Trà lá nam sen ổi,Thanh lọc,2,65600.0,8500,17000,0.16,10496.0,38104.0,58.1
ORD00714,2026-07-12,Zalo/Fanpage,SKU001,Trà atiso thanh lọc,Thanh lọc,1,32300.0,9000,9000,0.0,0.0,23300.0,72.1
ORD00715,2026-07-12,Shopee,SKU008,Trà mâm xôi vitamin,Bổ sung dưỡng chất,2,70300.0,9800,19600,0.13,9139.0,41561.0,59.1
ORD00716,2026-07-12,TikTok Shop,SKU004,Trà cà leo gai giảm cân,Detox,2,106300.0,15000,30000,0.16,17008.0,59292.0,55.8
ORD00717,2026-07-12,Shopee,SKU005,Trà hoa cúc an thần,An thần,2,75100.0,9500,19000,0.13,9763.0,46337.0,61.7
ORD00718,2026-07-12,Shopee,SKU003,Trà diếp cá rau má,Detox,2,85800.0,10500,21000,0.13,11154.0,53646.0,62.5
ORD00719,2026-07-12,Đại lý,SKU002,Trà lá nam sen ổi,Thanh lọc,1,30800.0,8500,8500,0.0,0.0,22300.0,72.4
ORD00720,2026-07-13,Zalo/Fanpage,SKU006,Trà hoa đậu biếc,An thần,3,94600.0,8800,26400,0.0,0.0,68200.0,72.1
ORD00721,2026-07-13,TikTok Shop,SKU006,Trà hoa đậu biếc,An thần,1,31500.0,8800,8800,0.16,5040.0,17660.0,56.1
ORD00722,2026-07-13,Shopee,SKU004,Trà cà leo gai giảm cân,Detox,2,108600.0,15000,30000,0.13,14118.0,64482.0,59.4
ORD00723,2026-07-13,Shopee,SKU005,Trà hoa cúc an thần,An thần,3,114200.0,9500,28500,0.13,14846.0,70854.0,62.0
ORD00724,2026-07-13,Shopee,SKU006,Trà hoa đậu biếc,An thần,3,94000.0,8800,26400,0.13,12220.0,55380.0,58.9
ORD00725,2026-07-13,TikTok Shop,SKU003,Trà diếp cá rau má,Detox,2,84500.0,10500,21000,0.16,13520.0,49980.0,59.1
ORD00726,2026-07-13,Zalo/Fanpage,SKU002,Trà lá nam sen ổi,Thanh lọc,1,32100.0,8500,8500,0.0,0.0,23600.0,73.5
ORD00727,2026-07-13,Zalo/Fanpage,SKU007,Trà gừng mật ong,Giữ ấm,1,40200.0,11000,11000,0.0,0.0,29200.0,72.6
ORD00728,2026-07-13,Shopee,SKU007,Trà gừng mật ong,Giữ ấm,1,39100.0,11000,11000,0.13,5083.0,23017.0,58.9
ORD00729,2026-07-13,Shopee,SKU008,Trà mâm xôi vitamin,Bổ sung dưỡng chất,3,100300.0,9800,29400,0.13,13039.0,57861.0,57.7
ORD00730,2026-07-13,TikTok Shop,SKU003,Trà diếp cá rau má,Detox,2,85200.0,10500,21000,0.16,13632.0,50568.0,59.4
ORD00731,2026-07-13,Shopee,SKU002,Trà lá nam sen ổi,Thanh lọc,1,32600.0,8500,8500,0.13,4238.0,19862.0,60.9
ORD00732,2026-07-13,TikTok Shop,SKU002,Trà lá nam sen ổi,Thanh lọc,3,93700.0,8500,25500,0.16,14992.0,53208.0,56.8
ORD00733,2026-07-13,Shopee,SKU007,Trà gừng mật ong,Giữ ấm,1,37000.0,11000,11000,0.13,4810.0,21190.0,57.3
ORD00734,2026-07-13,Shopee,SKU008,Trà mâm xôi vitamin,Bổ sung dưỡng chất,1,36800.0,9800,9800,0.13,4784.0,22216.0,60.4
ORD00735,2026-07-13,Zalo/Fanpage,SKU005,Trà hoa cúc an thần,An thần,3,114200.0,9500,28500,0.0,0.0,85700.0,75.0
ORD00736,2026-07-13,Shopee,SKU003,Trà diếp cá rau má,Detox,2,85700.0,10500,21000,0.13,11141.0,53559.0,62.5
ORD00737,2026-07-13,Shopee,SKU007,Trà gừng mật ong,Giữ ấm,2,76900.0,11000,22000,0.13,9997.0,44903.0,58.4
ORD00738,2026-07-13,TikTok Shop,SKU008,Trà mâm xôi vitamin,Bổ sung dưỡng chất,1,34000.0,9800,9800,0.16,5440.0,18760.0,55.2
ORD00739,2026-07-13,TikTok Shop,SKU001,Trà atiso thanh lọc,Thanh lọc,2,64900.0,9000,18000,0.16,10384.0,36516.0,56.3
ORD00740,2026-07-14,Zalo/Fanpage,SKU007,Trà gừng mật ong,Giữ ấm,1,38200.0,11000,11000,0.0,0.0,27200.0,71.2
ORD00741,2026-07-14,TikTok Shop,SKU001,Trà atiso thanh lọc,Thanh lọc,1,33300.0,9000,9000,0.16,5328.0,18972.0,57.0
ORD00742,2026-07-14,Zalo/Fanpage,SKU007,Trà gừng mật ong,Giữ ấm,1,38800.0,11000,11000,0.0,0.0,27800.0,71.6
ORD00743,2026-07-14,TikTok Shop,SKU004,Trà cà leo gai giảm cân,Detox,1,55000.0,15000,15000,0.16,8800.0,31200.0,56.7
ORD00744,2026-07-14,TikTok Shop,SKU006,Trà hoa đậu biếc,An thần,1,31300.0,8800,8800,0.16,5008.0,17492.0,55.9
ORD00745,2026-07-14,Shopee,SKU003,Trà diếp cá rau má,Detox,1,41600.0,10500,10500,0.13,5408.0,25692.0,61.8
ORD00746,2026-07-14,TikTok Shop,SKU001,Trà atiso thanh lọc,Thanh lọc,1,32200.0,9000,9000,0.16,5152.0,18048.0,56.0
ORD00747,2026-07-14,TikTok Shop,SKU007,Trà gừng mật ong,Giữ ấm,3,114500.0,11000,33000,0.16,18320.0,63180.0,55.2
ORD00748,2026-07-14,Shopee,SKU008,Trà mâm xôi vitamin,Bổ sung dưỡng chất,2,70100.0,9800,19600,0.13,9113.0,41387.0,59.0
ORD00749,2026-07-14,Shopee,SKU008,Trà mâm xôi vitamin,Bổ sung dưỡng chất,3,102700.0,9800,29400,0.13,13351.0,59949.0,58.4
ORD00750,2026-07-14,Shopee,SKU003,Trà diếp cá rau má,Detox,2,81100.0,10500,21000,0.13,10543.0,49557.0,61.1
ORD00751,2026-07-14,Zalo/Fanpage,SKU005,Trà hoa cúc an thần,An thần,3,105900.0,9500,28500,0.0,0.0,77400.0,73.1
ORD00752,2026-07-14,Shopee,SKU002,Trà lá nam sen ổi,Thanh lọc,2,59400.0,8500,17000,0.13,7722.0,34678.0,58.4
ORD00753,2026-07-14,TikTok Shop,SKU004,Trà cà leo gai giảm cân,Detox,1,52000.0,15000,15000,0.16,8320.0,28680.0,55.2
ORD00754,2026-07-14,Shopee,SKU003,Trà diếp cá rau má,Detox,2,83800.0,10500,21000,0.13,10894.0,51906.0,61.9
ORD00755,2026-07-14,Zalo/Fanpage,SKU003,Trà diếp cá rau má,Detox,1,39700.0,10500,10500,0.0,0.0,29200.0,73.6
ORD00756,2026-07-14,Đại lý,SKU001,Trà atiso thanh lọc,Thanh lọc,2,65200.0,9000,18000,0.0,0.0,47200.0,72.4
ORD00757,2026-07-15,Shopee,SKU004,Trà cà leo gai giảm cân,Detox,2,102700.0,15000,30000,0.13,13351.0,59349.0,57.8
ORD00758,2026-07-15,Shopee,SKU006,Trà hoa đậu biếc,An thần,2,64900.0,8800,17600,0.13,8437.0,38863.0,59.9
ORD00759,2026-07-15,Shopee,SKU002,Trà lá nam sen ổi,Thanh lọc,1,32300.0,8500,8500,0.13,4199.0,19601.0,60.7
ORD00760,2026-07-15,Shopee,SKU006,Trà hoa đậu biếc,An thần,2,62900.0,8800,17600,0.13,8177.0,37123.0,59.0
ORD00761,2026-07-15,Zalo/Fanpage,SKU003,Trà diếp cá rau má,Detox,1,41900.0,10500,10500,0.0,0.0,31400.0,74.9
ORD00762,2026-07-15,Đại lý,SKU004,Trà cà leo gai giảm cân,Detox,1,54700.0,15000,15000,0.0,0.0,39700.0,72.6
ORD00763,2026-07-15,Shopee,SKU008,Trà mâm xôi vitamin,Bổ sung dưỡng chất,1,36900.0,9800,9800,0.13,4797.0,22303.0,60.4
ORD00764,2026-07-15,Zalo/Fanpage,SKU005,Trà hoa cúc an thần,An thần,2,72000.0,9500,19000,0.0,0.0,53000.0,73.6
ORD00765,2026-07-15,TikTok Shop,SKU007,Trà gừng mật ong,Giữ ấm,1,37300.0,11000,11000,0.16,5968.0,20332.0,54.5
ORD00766,2026-07-15,Shopee,SKU006,Trà hoa đậu biếc,An thần,1,31800.0,8800,8800,0.13,4134.0,18866.0,59.3
ORD00767,2026-07-15,Zalo/Fanpage,SKU004,Trà cà leo gai giảm cân,Detox,3,168800.0,15000,45000,0.0,0.0,123800.0,73.3
ORD00768,2026-07-16,TikTok Shop,SKU003,Trà diếp cá rau má,Detox,1,38700.0,10500,10500,0.16,6192.0,22008.0,56.9
ORD00769,2026-07-16,Shopee,SKU008,Trà mâm xôi vitamin,Bổ sung dưỡng chất,2,72600.0,9800,19600,0.13,9438.0,43562.0,60.0
ORD00770,2026-07-16,Shopee,SKU007,Trà gừng mật ong,Giữ ấm,1,37300.0,11000,11000,0.13,4849.0,21451.0,57.5
ORD00771,2026-07-16,Đại lý,SKU001,Trà atiso thanh lọc,Thanh lọc,2,67700.0,9000,18000,0.0,0.0,49700.0,73.4
ORD00772,2026-07-16,Zalo/Fanpage,SKU005,Trà hoa cúc an thần,An thần,2,75600.0,9500,19000,0.0,0.0,56600.0,74.9
ORD00773,2026-07-16,Shopee,SKU003,Trà diếp cá rau má,Detox,1,39900.0,10500,10500,0.13,5187.0,24213.0,60.7
ORD00774,2026-07-16,Shopee,SKU002,Trà lá nam sen ổi,Thanh lọc,2,63200.0,8500,17000,0.13,8216.0,37984.0,60.1
ORD00775,2026-07-16,Shopee,SKU003,Trà diếp cá rau má,Detox,2,85400.0,10500,21000,0.13,11102.0,53298.0,62.4
ORD00776,2026-07-16,TikTok Shop,SKU001,Trà atiso thanh lọc,Thanh lọc,2,65500.0,9000,18000,0.16,10480.0,37020.0,56.5
ORD00777,2026-07-16,Shopee,SKU007,Trà gừng mật ong,Giữ ấm,2,75800.0,11000,22000,0.13,9854.0,43946.0,58.0
ORD00778,2026-07-16,Đại lý,SKU005,Trà hoa cúc an thần,An thần,1,39100.0,9500,9500,0.0,0.0,29600.0,75.7
ORD00779,2026-07-17,Zalo/Fanpage,SKU005,Trà hoa cúc an thần,An thần,2,72800.0,9500,19000,0.0,0.0,53800.0,73.9
ORD00780,2026-07-17,TikTok Shop,SKU003,Trà diếp cá rau má,Detox,1,39500.0,10500,10500,0.16,6320.0,22680.0,57.4
ORD00781,2026-07-17,Shopee,SKU003,Trà diếp cá rau má,Detox,1,38900.0,10500,10500,0.13,5057.0,23343.0,60.0
ORD00782,2026-07-17,Đại lý,SKU005,Trà hoa cúc an thần,An thần,2,78300.0,9500,19000,0.0,0.0,59300.0,75.7
ORD00783,2026-07-17,Đại lý,SKU001,Trà atiso thanh lọc,Thanh lọc,3,99400.0,9000,27000,0.0,0.0,72400.0,72.8
ORD00784,2026-07-17,TikTok Shop,SKU006,Trà hoa đậu biếc,An thần,3,94500.0,8800,26400,0.16,15120.0,52980.0,56.1
ORD00785,2026-07-17,Đại lý,SKU002,Trà lá nam sen ổi,Thanh lọc,2,61400.0,8500,17000,0.0,0.0,44400.0,72.3
ORD00786,2026-07-17,Zalo/Fanpage,SKU007,Trà gừng mật ong,Giữ ấm,1,37800.0,11000,11000,0.0,0.0,26800.0,70.9
ORD00787,2026-07-17,Shopee,SKU006,Trà hoa đậu biếc,An thần,1,34700.0,8800,8800,0.13,4511.0,21389.0,61.6
ORD00788,2026-07-17,Shopee,SKU006,Trà hoa đậu biếc,An thần,2,66800.0,8800,17600,0.13,8684.0,40516.0,60.7
ORD00789,2026-07-17,TikTok Shop,SKU002,Trà lá nam sen ổi,Thanh lọc,2,62700.0,8500,17000,0.16,10032.0,35668.0,56.9
ORD00790,2026-07-17,Shopee,SKU001,Trà atiso thanh lọc,Thanh lọc,1,33100.0,9000,9000,0.13,4303.0,19797.0,59.8
ORD00791,2026-07-17,Shopee,SKU004,Trà cà leo gai giảm cân,Detox,1,52600.0,15000,15000,0.13,6838.0,30762.0,58.5
ORD00792,2026-07-17,TikTok Shop,SKU007,Trà gừng mật ong,Giữ ấm,1,40000.0,11000,11000,0.16,6400.0,22600.0,56.5
ORD00793,2026-07-17,Đại lý,SKU007,Trà gừng mật ong,Giữ ấm,1,37100.0,11000,11000,0.0,0.0,26100.0,70.4
ORD00794,2026-07-17,Shopee,SKU006,Trà hoa đậu biếc,An thần,1,34200.0,8800,8800,0.13,4446.0,20954.0,61.3
ORD00795,2026-07-17,Zalo/Fanpage,SKU008,Trà mâm xôi vitamin,Bổ sung dưỡng chất,1,34600.0,9800,9800,0.0,0.0,24800.0,71.7
ORD00796,2026-07-17,Đại lý,SKU004,Trà cà leo gai giảm cân,Detox,1,52600.0,15000,15000,0.0,0.0,37600.0,71.5
ORD00797,2026-07-17,Shopee,SKU008,Trà mâm xôi vitamin,Bổ sung dưỡng chất,3,110600.0,9800,29400,0.13,14378.0,66822.0,60.4
ORD00798,2026-07-17,Zalo/Fanpage,SKU008,Trà mâm xôi vitamin,Bổ sung dưỡng chất,3,103100.0,9800,29400,0.0,0.0,73700.0,71.5
ORD00799,2026-07-17,Zalo/Fanpage,SKU005,Trà hoa cúc an thần,An thần,2,76500.0,9500,19000,0.0,0.0,57500.0,75.2
ORD00800,2026-07-17,Shopee,SKU004,Trà cà leo gai giảm cân,Detox,1,52900.0,15000,15000,0.13,6877.0,31023.0,58.6
ORD00801,2026-07-18,TikTok Shop,SKU002,Trà lá nam sen ổi,Thanh lọc,3,88300.0,8500,25500,0.16,14128.0,48672.0,55.1
ORD00802,2026-07-18,Zalo/Fanpage,SKU006,Trà hoa đậu biếc,An thần,2,62800.0,8800,17600,0.0,0.0,45200.0,72.0
ORD00803,2026-07-18,TikTok Shop,SKU008,Trà mâm xôi vitamin,Bổ sung dưỡng chất,2,68000.0,9800,19600,0.16,10880.0,37520.0,55.2
ORD00804,2026-07-18,TikTok Shop,SKU008,Trà mâm xôi vitamin,Bổ sung dưỡng chất,1,34400.0,9800,9800,0.16,5504.0,19096.0,55.5
ORD00805,2026-07-18,Shopee,SKU003,Trà diếp cá rau má,Detox,1,39400.0,10500,10500,0.13,5122.0,23778.0,60.4
ORD00806,2026-07-18,Zalo/Fanpage,SKU001,Trà atiso thanh lọc,Thanh lọc,3,104300.0,9000,27000,0.0,0.0,77300.0,74.1
ORD00807,2026-07-18,Zalo/Fanpage,SKU003,Trà diếp cá rau má,Detox,1,39900.0,10500,10500,0.0,0.0,29400.0,73.7
ORD00808,2026-07-18,Shopee,SKU001,Trà atiso thanh lọc,Thanh lọc,1,35200.0,9000,9000,0.13,4576.0,21624.0,61.4
ORD00809,2026-07-18,Zalo/Fanpage,SKU001,Trà atiso thanh lọc,Thanh lọc,2,70000.0,9000,18000,0.0,0.0,52000.0,74.3
ORD00810,2026-07-18,Đại lý,SKU008,Trà mâm xôi vitamin,Bổ sung dưỡng chất,2,73200.0,9800,19600,0.0,0.0,53600.0,73.2
ORD00811,2026-07-18,Shopee,SKU003,Trà diếp cá rau má,Detox,2,84600.0,10500,21000,0.13,10998.0,52602.0,62.2
ORD00812,2026-07-18,TikTok Shop,SKU006,Trà hoa đậu biếc,An thần,1,31900.0,8800,8800,0.16,5104.0,17996.0,56.4
ORD00813,2026-07-18,Shopee,SKU007,Trà gừng mật ong,Giữ ấm,1,36900.0,11000,11000,0.13,4797.0,21103.0,57.2
ORD00814,2026-07-18,Shopee,SKU002,Trà lá nam sen ổi,Thanh lọc,1,30000.0,8500,8500,0.13,3900.0,17600.0,58.7
ORD00815,2026-07-18,Shopee,SKU006,Trà hoa đậu biếc,An thần,2,69600.0,8800,17600,0.13,9048.0,42952.0,61.7
ORD00816,2026-07-18,Đại lý,SKU003,Trà diếp cá rau má,Detox,2,85500.0,10500,21000,0.0,0.0,64500.0,75.4
ORD00817,2026-07-18,Zalo/Fanpage,SKU005,Trà hoa cúc an thần,An thần,3,106900.0,9500,28500,0.0,0.0,78400.0,73.3
ORD00818,2026-07-18,Zalo/Fanpage,SKU002,Trà lá nam sen ổi,Thanh lọc,1,30600.0,8500,8500,0.0,0.0,22100.0,72.2
ORD00819,2026-07-18,Đại lý,SKU004,Trà cà leo gai giảm cân,Detox,2,109900.0,15000,30000,0.0,0.0,79900.0,72.7
ORD00820,2026-07-18,Zalo/Fanpage,SKU002,Trà lá nam sen ổi,Thanh lọc,1,30500.0,8500,8500,0.0,0.0,22000.0,72.1
ORD00821,2026-07-18,Shopee,SKU003,Trà diếp cá rau má,Detox,2,85000.0,10500,21000,0.13,11050.0,52950.0,62.3
ORD00822,2026-07-18,Shopee,SKU003,Trà diếp cá rau má,Detox,2,78100.0,10500,21000,0.13,10153.0,46947.0,60.1
ORD00823,2026-07-18,Zalo/Fanpage,SKU006,Trà hoa đậu biếc,An thần,2,64100.0,8800,17600,0.0,0.0,46500.0,72.5
ORD00824,2026-07-18,Shopee,SKU002,Trà lá nam sen ổi,Thanh lọc,1,32900.0,8500,8500,0.13,4277.0,20123.0,61.2
ORD00825,2026-07-18,TikTok Shop,SKU002,Trà lá nam sen ổi,Thanh lọc,2,62200.0,8500,17000,0.16,9952.0,35248.0,56.7
ORD00826,2026-07-18,Zalo/Fanpage,SKU002,Trà lá nam sen ổi,Thanh lọc,3,94100.0,8500,25500,0.0,0.0,68600.0,72.9
ORD00827,2026-07-19,Shopee,SKU003,Trà diếp cá rau má,Detox,1,40700.0,10500,10500,0.13,5291.0,24909.0,61.2
ORD00828,2026-07-19,Shopee,SKU004,Trà cà leo gai giảm cân,Detox,1,55700.0,15000,15000,0.13,7241.0,33459.0,60.1
ORD00829,2026-07-19,TikTok Shop,SKU002,Trà lá nam sen ổi,Thanh lọc,3,95400.0,8500,25500,0.16,15264.0,54636.0,57.3
ORD00830,2026-07-19,Shopee,SKU003,Trà diếp cá rau má,Detox,2,81100.0,10500,21000,0.13,10543.0,49557.0,61.1
ORD00831,2026-07-19,Zalo/Fanpage,SKU002,Trà lá nam sen ổi,Thanh lọc,1,32400.0,8500,8500,0.0,0.0,23900.0,73.8
ORD00832,2026-07-19,Zalo/Fanpage,SKU004,Trà cà leo gai giảm cân,Detox,2,109500.0,15000,30000,0.0,0.0,79500.0,72.6
ORD00833,2026-07-19,Đại lý,SKU006,Trà hoa đậu biếc,An thần,1,33100.0,8800,8800,0.0,0.0,24300.0,73.4
ORD00834,2026-07-19,Shopee,SKU008,Trà mâm xôi vitamin,Bổ sung dưỡng chất,3,99800.0,9800,29400,0.13,12974.0,57426.0,57.5
ORD00835,2026-07-19,TikTok Shop,SKU004,Trà cà leo gai giảm cân,Detox,2,109400.0,15000,30000,0.16,17504.0,61896.0,56.6
ORD00836,2026-07-19,TikTok Shop,SKU002,Trà lá nam sen ổi,Thanh lọc,2,60100.0,8500,17000,0.16,9616.0,33484.0,55.7
ORD00837,2026-07-19,Đại lý,SKU008,Trà mâm xôi vitamin,Bổ sung dưỡng chất,1,33600.0,9800,9800,0.0,0.0,23800.0,70.8
ORD00838,2026-07-19,Shopee,SKU008,Trà mâm xôi vitamin,Bổ sung dưỡng chất,2,67800.0,9800,19600,0.13,8814.0,39386.0,58.1
ORD00839,2026-07-19,Zalo/Fanpage,SKU002,Trà lá nam sen ổi,Thanh lọc,2,60700.0,8500,17000,0.0,0.0,43700.0,72.0
ORD00840,2026-07-19,Đại lý,SKU008,Trà mâm xôi vitamin,Bổ sung dưỡng chất,1,33500.0,9800,9800,0.0,0.0,23700.0,70.7
ORD00841,2026-07-19,TikTok Shop,SKU004,Trà cà leo gai giảm cân,Detox,1,53700.0,15000,15000,0.16,8592.0,30108.0,56.1
ORD00842,2026-07-19,Đại lý,SKU001,Trà atiso thanh lọc,Thanh lọc,3,103800.0,9000,27000,0.0,0.0,76800.0,74.0
ORD00843,2026-07-19,TikTok Shop,SKU004,Trà cà leo gai giảm cân,Detox,2,103000.0,15000,30000,0.16,16480.0,56520.0,54.9
ORD00844,2026-07-20,TikTok Shop,SKU006,Trà hoa đậu biếc,An thần,1,34700.0,8800,8800,0.16,5552.0,20348.0,58.6
ORD00845,2026-07-20,TikTok Shop,SKU002,Trà lá nam sen ổi,Thanh lọc,1,32500.0,8500,8500,0.16,5200.0,18800.0,57.8
ORD00846,2026-07-20,Zalo/Fanpage,SKU008,Trà mâm xôi vitamin,Bổ sung dưỡng chất,1,34600.0,9800,9800,0.0,0.0,24800.0,71.7
ORD00847,2026-07-20,TikTok Shop,SKU005,Trà hoa cúc an thần,An thần,1,35700.0,9500,9500,0.16,5712.0,20488.0,57.4
ORD00848,2026-07-20,Shopee,SKU005,Trà hoa cúc an thần,An thần,3,113600.0,9500,28500,0.13,14768.0,70332.0,61.9
ORD00849,2026-07-20,Shopee,SKU007,Trà gừng mật ong,Giữ ấm,1,39800.0,11000,11000,0.13,5174.0,23626.0,59.4
ORD00850,2026-07-20,Shopee,SKU004,Trà cà leo gai giảm cân,Detox,1,56000.0,15000,15000,0.13,7280.0,33720.0,60.2
ORD00851,2026-07-20,Shopee,SKU007,Trà gừng mật ong,Giữ ấm,1,38200.0,11000,11000,0.13,4966.0,22234.0,58.2
ORD00852,2026-07-20,Zalo/Fanpage,SKU008,Trà mâm xôi vitamin,Bổ sung dưỡng chất,3,100500.0,9800,29400,0.0,0.0,71100.0,70.7
ORD00853,2026-07-20,Zalo/Fanpage,SKU001,Trà atiso thanh lọc,Thanh lọc,3,101700.0,9000,27000,0.0,0.0,74700.0,73.5
ORD00854,2026-07-20,Zalo/Fanpage,SKU002,Trà lá nam sen ổi,Thanh lọc,2,63100.0,8500,17000,0.0,0.0,46100.0,73.1
ORD00855,2026-07-20,Shopee,SKU004,Trà cà leo gai giảm cân,Detox,2,110200.0,15000,30000,0.13,14326.0,65874.0,59.8
ORD00856,2026-07-20,Zalo/Fanpage,SKU008,Trà mâm xôi vitamin,Bổ sung dưỡng chất,1,35200.0,9800,9800,0.0,0.0,25400.0,72.2
ORD00857,2026-07-20,Shopee,SKU003,Trà diếp cá rau má,Detox,2,81000.0,10500,21000,0.13,10530.0,49470.0,61.1
ORD00858,2026-07-20,Zalo/Fanpage,SKU005,Trà hoa cúc an thần,An thần,2,70200.0,9500,19000,0.0,0.0,51200.0,72.9
ORD00859,2026-07-20,Shopee,SKU007,Trà gừng mật ong,Giữ ấm,1,37900.0,11000,11000,0.13,4927.0,21973.0,58.0
ORD00860,2026-07-20,TikTok Shop,SKU008,Trà mâm xôi vitamin,Bổ sung dưỡng chất,3,101700.0,9800,29400,0.16,16272.0,56028.0,55.1
ORD00861,2026-07-20,Shopee,SKU004,Trà cà leo gai giảm cân,Detox,2,108900.0,15000,30000,0.13,14157.0,64743.0,59.5
ORD00862,2026-07-20,Shopee,SKU001,Trà atiso thanh lọc,Thanh lọc,1,34100.0,9000,9000,0.13,4433.0,20667.0,60.6
ORD00863,2026-07-21,Shopee,SKU007,Trà gừng mật ong,Giữ ấm,2,78500.0,11000,22000,0.13,10205.0,46295.0,59.0
ORD00864,2026-07-21,Shopee,SKU007,Trà gừng mật ong,Giữ ấm,1,40100.0,11000,11000,0.13,5213.0,23887.0,59.6
ORD00865,2026-07-21,TikTok Shop,SKU003,Trà diếp cá rau má,Detox,2,77700.0,10500,21000,0.16,12432.0,44268.0,57.0
ORD00866,2026-07-21,Zalo/Fanpage,SKU007,Trà gừng mật ong,Giữ ấm,1,40600.0,11000,11000,0.0,0.0,29600.0,72.9
ORD00867,2026-07-21,TikTok Shop,SKU005,Trà hoa cúc an thần,An thần,1,37700.0,9500,9500,0.16,6032.0,22168.0,58.8
ORD00868,2026-07-21,TikTok Shop,SKU007,Trà gừng mật ong,Giữ ấm,3,110500.0,11000,33000,0.16,17680.0,59820.0,54.1
ORD00869,2026-07-21,Đại lý,SKU006,Trà hoa đậu biếc,An thần,2,68600.0,8800,17600,0.0,0.0,51000.0,74.3
ORD00870,2026-07-21,Shopee,SKU005,Trà hoa cúc an thần,An thần,1,37900.0,9500,9500,0.13,4927.0,23473.0,61.9
ORD00871,2026-07-21,Zalo/Fanpage,SKU002,Trà lá nam sen ổi,Thanh lọc,2,64900.0,8500,17000,0.0,0.0,47900.0,73.8
ORD00872,2026-07-21,TikTok Shop,SKU003,Trà diếp cá rau má,Detox,1,41800.0,10500,10500,0.16,6688.0,24612.0,58.9
ORD00873,2026-07-21,Zalo/Fanpage,SKU004,Trà cà leo gai giảm cân,Detox,1,50600.0,15000,15000,0.0,0.0,35600.0,70.4
ORD00874,2026-07-21,Đại lý,SKU008,Trà mâm xôi vitamin,Bổ sung dưỡng chất,1,35300.0,9800,9800,0.0,0.0,25500.0,72.2
ORD00875,2026-07-21,TikTok Shop,SKU003,Trà diếp cá rau má,Detox,3,117400.0,10500,31500,0.16,18784.0,67116.0,57.2
ORD00876,2026-07-21,Shopee,SKU008,Trà mâm xôi vitamin,Bổ sung dưỡng chất,3,103200.0,9800,29400,0.13,13416.0,60384.0,58.5
ORD00877,2026-07-21,Shopee,SKU005,Trà hoa cúc an thần,An thần,3,108600.0,9500,28500,0.13,14118.0,65982.0,60.8
ORD00878,2026-07-21,Shopee,SKU006,Trà hoa đậu biếc,An thần,1,34300.0,8800,8800,0.13,4459.0,21041.0,61.3
ORD00879,2026-07-21,Zalo/Fanpage,SKU006,Trà hoa đậu biếc,An thần,3,97400.0,8800,26400,0.0,0.0,71000.0,72.9
ORD00880,2026-07-22,Zalo/Fanpage,SKU006,Trà hoa đậu biếc,An thần,1,32300.0,8800,8800,0.0,0.0,23500.0,72.8
ORD00881,2026-07-22,Shopee,SKU003,Trà diếp cá rau má,Detox,1,41300.0,10500,10500,0.13,5369.0,25431.0,61.6
ORD00882,2026-07-22,Đại lý,SKU007,Trà gừng mật ong,Giữ ấm,1,40000.0,11000,11000,0.0,0.0,29000.0,72.5
ORD00883,2026-07-22,Shopee,SKU004,Trà cà leo gai giảm cân,Detox,2,112200.0,15000,30000,0.13,14586.0,67614.0,60.3
ORD00884,2026-07-22,TikTok Shop,SKU004,Trà cà leo gai giảm cân,Detox,1,55700.0,15000,15000,0.16,8912.0,31788.0,57.1
ORD00885,2026-07-22,Zalo/Fanpage,SKU002,Trà lá nam sen ổi,Thanh lọc,1,31100.0,8500,8500,0.0,0.0,22600.0,72.7
ORD00886,2026-07-22,Zalo/Fanpage,SKU007,Trà gừng mật ong,Giữ ấm,2,80300.0,11000,22000,0.0,0.0,58300.0,72.6
ORD00887,2026-07-22,Shopee,SKU005,Trà hoa cúc an thần,An thần,1,37700.0,9500,9500,0.13,4901.0,23299.0,61.8
ORD00888,2026-07-22,Shopee,SKU003,Trà diếp cá rau má,Detox,1,40600.0,10500,10500,0.13,5278.0,24822.0,61.1
ORD00889,2026-07-22,Zalo/Fanpage,SKU004,Trà cà leo gai giảm cân,Detox,2,104800.0,15000,30000,0.0,0.0,74800.0,71.4
ORD00890,2026-07-22,Zalo/Fanpage,SKU005,Trà hoa cúc an thần,An thần,3,112200.0,9500,28500,0.0,0.0,83700.0,74.6
ORD00891,2026-07-22,Đại lý,SKU001,Trà atiso thanh lọc,Thanh lọc,1,34100.0,9000,9000,0.0,0.0,25100.0,73.6
ORD00892,2026-07-23,Shopee,SKU003,Trà diếp cá rau má,Detox,1,42700.0,10500,10500,0.13,5551.0,26649.0,62.4
ORD00893,2026-07-23,Shopee,SKU008,Trà mâm xôi vitamin,Bổ sung dưỡng chất,1,34700.0,9800,9800,0.13,4511.0,20389.0,58.8
ORD00894,2026-07-23,TikTok Shop,SKU008,Trà mâm xôi vitamin,Bổ sung dưỡng chất,2,67400.0,9800,19600,0.16,10784.0,37016.0,54.9
ORD00895,2026-07-23,Zalo/Fanpage,SKU002,Trà lá nam sen ổi,Thanh lọc,1,31200.0,8500,8500,0.0,0.0,22700.0,72.8
ORD00896,2026-07-23,TikTok Shop,SKU002,Trà lá nam sen ổi,Thanh lọc,3,88900.0,8500,25500,0.16,14224.0,49176.0,55.3
ORD00897,2026-07-23,TikTok Shop,SKU003,Trà diếp cá rau má,Detox,1,41300.0,10500,10500,0.16,6608.0,24192.0,58.6
ORD00898,2026-07-23,Shopee,SKU006,Trà hoa đậu biếc,An thần,1,31800.0,8800,8800,0.13,4134.0,18866.0,59.3
ORD00899,2026-07-23,Shopee,SKU004,Trà cà leo gai giảm cân,Detox,2,112900.0,15000,30000,0.13,14677.0,68223.0,60.4
ORD00900,2026-07-23,Shopee,SKU001,Trà atiso thanh lọc,Thanh lọc,1,35000.0,9000,9000,0.13,4550.0,21450.0,61.3
ORD00901,2026-07-23,Đại lý,SKU008,Trà mâm xôi vitamin,Bổ sung dưỡng chất,2,67700.0,9800,19600,0.0,0.0,48100.0,71.0
ORD00902,2026-07-23,TikTok Shop,SKU005,Trà hoa cúc an thần,An thần,1,35900.0,9500,9500,0.16,5744.0,20656.0,57.5
ORD00903,2026-07-23,Zalo/Fanpage,SKU003,Trà diếp cá rau má,Detox,1,40400.0,10500,10500,0.0,0.0,29900.0,74.0
ORD00904,2026-07-23,TikTok Shop,SKU002,Trà lá nam sen ổi,Thanh lọc,1,30500.0,8500,8500,0.16,4880.0,17120.0,56.1
ORD00905,2026-07-23,Shopee,SKU006,Trà hoa đậu biếc,An thần,2,66500.0,8800,17600,0.13,8645.0,40255.0,60.5
ORD00906,2026-07-23,Shopee,SKU005,Trà hoa cúc an thần,An thần,1,36400.0,9500,9500,0.13,4732.0,22168.0,60.9
ORD00907,2026-07-23,Đại lý,SKU004,Trà cà leo gai giảm cân,Detox,1,51600.0,15000,15000,0.0,0.0,36600.0,70.9
ORD00908,2026-07-23,Đại lý,SKU007,Trà gừng mật ong,Giữ ấm,1,37800.0,11000,11000,0.0,0.0,26800.0,70.9
ORD00909,2026-07-23,Zalo/Fanpage,SKU001,Trà atiso thanh lọc,Thanh lọc,3,96900.0,9000,27000,0.0,0.0,69900.0,72.1
ORD00910,2026-07-23,TikTok Shop,SKU002,Trà lá nam sen ổi,Thanh lọc,3,95200.0,8500,25500,0.16,15232.0,54468.0,57.2
ORD00911,2026-07-23,Shopee,SKU007,Trà gừng mật ong,Giữ ấm,1,40200.0,11000,11000,0.13,5226.0,23974.0,59.6
ORD00912,2026-07-24,Shopee,SKU008,Trà mâm xôi vitamin,Bổ sung dưỡng chất,3,100600.0,9800,29400,0.13,13078.0,58122.0,57.8
ORD00913,2026-07-24,Zalo/Fanpage,SKU001,Trà atiso thanh lọc,Thanh lọc,1,33800.0,9000,9000,0.0,0.0,24800.0,73.4
ORD00914,2026-07-24,Shopee,SKU004,Trà cà leo gai giảm cân,Detox,2,109700.0,15000,30000,0.13,14261.0,65439.0,59.7
ORD00915,2026-07-24,Shopee,SKU005,Trà hoa cúc an thần,An thần,1,36200.0,9500,9500,0.13,4706.0,21994.0,60.8
ORD00916,2026-07-24,TikTok Shop,SKU005,Trà hoa cúc an thần,An thần,1,37600.0,9500,9500,0.16,6016.0,22084.0,58.7
ORD00917,2026-07-24,Zalo/Fanpage,SKU004,Trà cà leo gai giảm cân,Detox,1,53700.0,15000,15000,0.0,0.0,38700.0,72.1
ORD00918,2026-07-24,TikTok Shop,SKU003,Trà diếp cá rau má,Detox,1,40900.0,10500,10500,0.16,6544.0,23856.0,58.3
ORD00919,2026-07-24,TikTok Shop,SKU006,Trà hoa đậu biếc,An thần,2,69800.0,8800,17600,0.16,11168.0,41032.0,58.8
ORD00920,2026-07-24,Shopee,SKU004,Trà cà leo gai giảm cân,Detox,1,50800.0,15000,15000,0.13,6604.0,29196.0,57.5
ORD00921,2026-07-24,TikTok Shop,SKU003,Trà diếp cá rau má,Detox,2,80300.0,10500,21000,0.16,12848.0,46452.0,57.8
ORD00922,2026-07-24,Shopee,SKU005,Trà hoa cúc an thần,An thần,1,38500.0,9500,9500,0.13,5005.0,23995.0,62.3
ORD00923,2026-07-24,TikTok Shop,SKU002,Trà lá nam sen ổi,Thanh lọc,1,32200.0,8500,8500,0.16,5152.0,18548.0,57.6
ORD00924,2026-07-24,Shopee,SKU006,Trà hoa đậu biếc,An thần,1,33700.0,8800,8800,0.13,4381.0,20519.0,60.9
ORD00925,2026-07-24,TikTok Shop,SKU008,Trà mâm xôi vitamin,Bổ sung dưỡng chất,1,35000.0,9800,9800,0.16,5600.0,19600.0,56.0
ORD00926,2026-07-24,Shopee,SKU002,Trà lá nam sen ổi,Thanh lọc,1,32400.0,8500,8500,0.13,4212.0,19688.0,60.8
ORD00927,2026-07-24,Shopee,SKU005,Trà hoa cúc an thần,An thần,2,76100.0,9500,19000,0.13,9893.0,47207.0,62.0
ORD00928,2026-07-24,Shopee,SKU006,Trà hoa đậu biếc,An thần,1,31300.0,8800,8800,0.13,4069.0,18431.0,58.9
ORD00929,2026-07-24,Shopee,SKU005,Trà hoa cúc an thần,An thần,1,36500.0,9500,9500,0.13,4745.0,22255.0,61.0
ORD00930,2026-07-24,Shopee,SKU005,Trà hoa cúc an thần,An thần,3,106000.0,9500,28500,0.13,13780.0,63720.0,60.1
ORD00931,2026-07-25,Shopee,SKU004,Trà cà leo gai giảm cân,Detox,2,104500.0,15000,30000,0.13,13585.0,60915.0,58.3
ORD00932,2026-07-25,Shopee,SKU007,Trà gừng mật ong,Giữ ấm,2,79300.0,11000,22000,0.13,10309.0,46991.0,59.3
ORD00933,2026-07-25,Zalo/Fanpage,SKU001,Trà atiso thanh lọc,Thanh lọc,3,105000.0,9000,27000,0.0,0.0,78000.0,74.3
ORD00934,2026-07-25,Đại lý,SKU007,Trà gừng mật ong,Giữ ấm,1,38600.0,11000,11000,0.0,0.0,27600.0,71.5
ORD00935,2026-07-25,TikTok Shop,SKU007,Trà gừng mật ong,Giữ ấm,3,116200.0,11000,33000,0.16,18592.0,64608.0,55.6
ORD00936,2026-07-25,TikTok Shop,SKU006,Trà hoa đậu biếc,An thần,2,62800.0,8800,17600,0.16,10048.0,35152.0,56.0
ORD00937,2026-07-25,TikTok Shop,SKU007,Trà gừng mật ong,Giữ ấm,1,38900.0,11000,11000,0.16,6224.0,21676.0,55.7
ORD00938,2026-07-25,TikTok Shop,SKU007,Trà gừng mật ong,Giữ ấm,2,74000.0,11000,22000,0.16,11840.0,40160.0,54.3
ORD00939,2026-07-25,Shopee,SKU003,Trà diếp cá rau má,Detox,3,128000.0,10500,31500,0.13,16640.0,79860.0,62.4
ORD00940,2026-07-25,TikTok Shop,SKU006,Trà hoa đậu biếc,An thần,3,100200.0,8800,26400,0.16,16032.0,57768.0,57.7
ORD00941,2026-07-25,Đại lý,SKU006,Trà hoa đậu biếc,An thần,1,33200.0,8800,8800,0.0,0.0,24400.0,73.5
ORD00942,2026-07-25,TikTok Shop,SKU005,Trà hoa cúc an thần,An thần,2,75500.0,9500,19000,0.16,12080.0,44420.0,58.8
ORD00943,2026-07-25,Shopee,SKU003,Trà diếp cá rau má,Detox,3,124800.0,10500,31500,0.13,16224.0,77076.0,61.8
ORD00944,2026-07-25,Shopee,SKU007,Trà gừng mật ong,Giữ ấm,2,74100.0,11000,22000,0.13,9633.0,42467.0,57.3
ORD00945,2026-07-25,TikTok Shop,SKU002,Trà lá nam sen ổi,Thanh lọc,2,64900.0,8500,17000,0.16,10384.0,37516.0,57.8
ORD00946,2026-07-25,Zalo/Fanpage,SKU001,Trà atiso thanh lọc,Thanh lọc,2,66900.0,9000,18000,0.0,0.0,48900.0,73.1
ORD00947,2026-07-25,Shopee,SKU003,Trà diếp cá rau má,Detox,2,79300.0,10500,21000,0.13,10309.0,47991.0,60.5
ORD00948,2026-07-25,TikTok Shop,SKU004,Trà cà leo gai giảm cân,Detox,1,51100.0,15000,15000,0.16,8176.0,27924.0,54.6
ORD00949,2026-07-25,Shopee,SKU004,Trà cà leo gai giảm cân,Detox,1,55800.0,15000,15000,0.13,7254.0,33546.0,60.1
ORD00950,2026-07-25,Shopee,SKU002,Trà lá nam sen ổi,Thanh lọc,2,64100.0,8500,17000,0.13,8333.0,38767.0,60.5
ORD00951,2026-07-26,Shopee,SKU004,Trà cà leo gai giảm cân,Detox,2,107800.0,15000,30000,0.13,14014.0,63786.0,59.2
ORD00952,2026-07-26,Zalo/Fanpage,SKU007,Trà gừng mật ong,Giữ ấm,2,79200.0,11000,22000,0.0,0.0,57200.0,72.2
ORD00953,2026-07-26,Zalo/Fanpage,SKU005,Trà hoa cúc an thần,An thần,3,113300.0,9500,28500,0.0,0.0,84800.0,74.8
ORD00954,2026-07-26,Đại lý,SKU004,Trà cà leo gai giảm cân,Detox,1,55500.0,15000,15000,0.0,0.0,40500.0,73.0
ORD00955,2026-07-26,Zalo/Fanpage,SKU003,Trà diếp cá rau má,Detox,2,82800.0,10500,21000,0.0,0.0,61800.0,74.6
ORD00956,2026-07-26,Zalo/Fanpage,SKU004,Trà cà leo gai giảm cân,Detox,2,102600.0,15000,30000,0.0,0.0,72600.0,70.8
ORD00957,2026-07-26,Zalo/Fanpage,SKU002,Trà lá nam sen ổi,Thanh lọc,1,30700.0,8500,8500,0.0,0.0,22200.0,72.3
ORD00958,2026-07-26,TikTok Shop,SKU006,Trà hoa đậu biếc,An thần,2,66500.0,8800,17600,0.16,10640.0,38260.0,57.5
ORD00959,2026-07-26,Zalo/Fanpage,SKU001,Trà atiso thanh lọc,Thanh lọc,1,34100.0,9000,9000,0.0,0.0,25100.0,73.6
ORD00960,2026-07-26,Zalo/Fanpage,SKU007,Trà gừng mật ong,Giữ ấm,2,74500.0,11000,22000,0.0,0.0,52500.0,70.5
ORD00961,2026-07-26,TikTok Shop,SKU002,Trà lá nam sen ổi,Thanh lọc,2,60400.0,8500,17000,0.16,9664.0,33736.0,55.9
ORD00962,2026-07-26,Zalo/Fanpage,SKU002,Trà lá nam sen ổi,Thanh lọc,1,29800.0,8500,8500,0.0,0.0,21300.0,71.5
ORD00963,2026-07-26,Shopee,SKU008,Trà mâm xôi vitamin,Bổ sung dưỡng chất,3,106400.0,9800,29400,0.13,13832.0,63168.0,59.4
ORD00964,2026-07-26,Zalo/Fanpage,SKU005,Trà hoa cúc an thần,An thần,3,112300.0,9500,28500,0.0,0.0,83800.0,74.6
ORD00965,2026-07-26,TikTok Shop,SKU008,Trà mâm xôi vitamin,Bổ sung dưỡng chất,1,35200.0,9800,9800,0.16,5632.0,19768.0,56.2
ORD00966,2026-07-27,TikTok Shop,SKU004,Trà cà leo gai giảm cân,Detox,2,107000.0,15000,30000,0.16,17120.0,59880.0,56.0
ORD00967,2026-07-27,TikTok Shop,SKU008,Trà mâm xôi vitamin,Bổ sung dưỡng chất,1,35900.0,9800,9800,0.16,5744.0,20356.0,56.7
ORD00968,2026-07-27,Shopee,SKU007,Trà gừng mật ong,Giữ ấm,1,38500.0,11000,11000,0.13,5005.0,22495.0,58.4
ORD00969,2026-07-27,TikTok Shop,SKU007,Trà gừng mật ong,Giữ ấm,2,81400.0,11000,22000,0.16,13024.0,46376.0,57.0
ORD00970,2026-07-27,Shopee,SKU005,Trà hoa cúc an thần,An thần,3,114400.0,9500,28500,0.13,14872.0,71028.0,62.1
ORD00971,2026-07-27,Shopee,SKU008,Trà mâm xôi vitamin,Bổ sung dưỡng chất,1,34900.0,9800,9800,0.13,4537.0,20563.0,58.9
ORD00972,2026-07-27,Shopee,SKU004,Trà cà leo gai giảm cân,Detox,3,167900.0,15000,45000,0.13,21827.0,101073.0,60.2
ORD00973,2026-07-27,TikTok Shop,SKU007,Trà gừng mật ong,Giữ ấm,2,81200.0,11000,22000,0.16,12992.0,46208.0,56.9
ORD00974,2026-07-27,Zalo/Fanpage,SKU008,Trà mâm xôi vitamin,Bổ sung dưỡng chất,3,101900.0,9800,29400,0.0,0.0,72500.0,71.1
ORD00975,2026-07-27,Shopee,SKU006,Trà hoa đậu biếc,An thần,3,97700.0,8800,26400,0.13,12701.0,58599.0,60.0
ORD00976,2026-07-28,Shopee,SKU006,Trà hoa đậu biếc,An thần,1,33200.0,8800,8800,0.13,4316.0,20084.0,60.5
ORD00977,2026-07-28,TikTok Shop,SKU003,Trà diếp cá rau má,Detox,1,42200.0,10500,10500,0.16,6752.0,24948.0,59.1
ORD00978,2026-07-28,TikTok Shop,SKU004,Trà cà leo gai giảm cân,Detox,3,164700.0,15000,45000,0.16,26352.0,93348.0,56.7
ORD00979,2026-07-28,TikTok Shop,SKU007,Trà gừng mật ong,Giữ ấm,2,76100.0,11000,22000,0.16,12176.0,41924.0,55.1
ORD00980,2026-07-28,Zalo/Fanpage,SKU007,Trà gừng mật ong,Giữ ấm,2,74500.0,11000,22000,0.0,0.0,52500.0,70.5
ORD00981,2026-07-28,Shopee,SKU001,Trà atiso thanh lọc,Thanh lọc,1,33000.0,9000,9000,0.13,4290.0,19710.0,59.7
ORD00982,2026-07-28,Zalo/Fanpage,SKU002,Trà lá nam sen ổi,Thanh lọc,1,31800.0,8500,8500,0.0,0.0,23300.0,73.3
ORD00983,2026-07-28,Shopee,SKU001,Trà atiso thanh lọc,Thanh lọc,1,33000.0,9000,9000,0.13,4290.0,19710.0,59.7
ORD00984,2026-07-28,TikTok Shop,SKU003,Trà diếp cá rau má,Detox,2,78200.0,10500,21000,0.16,12512.0,44688.0,57.1
ORD00985,2026-07-28,Zalo/Fanpage,SKU007,Trà gừng mật ong,Giữ ấm,1,40100.0,11000,11000,0.0,0.0,29100.0,72.6
ORD00986,2026-07-28,TikTok Shop,SKU003,Trà diếp cá rau má,Detox,3,119900.0,10500,31500,0.16,19184.0,69216.0,57.7
ORD00987,2026-07-28,TikTok Shop,SKU008,Trà mâm xôi vitamin,Bổ sung dưỡng chất,2,69500.0,9800,19600,0.16,11120.0,38780.0,55.8
ORD00988,2026-07-28,Zalo/Fanpage,SKU006,Trà hoa đậu biếc,An thần,2,63000.0,8800,17600,0.0,0.0,45400.0,72.1
ORD00989,2026-07-28,Zalo/Fanpage,SKU002,Trà lá nam sen ổi,Thanh lọc,2,64700.0,8500,17000,0.0,0.0,47700.0,73.7
ORD00990,2026-07-28,Đại lý,SKU006,Trà hoa đậu biếc,An thần,3,98000.0,8800,26400,0.0,0.0,71600.0,73.1
ORD00991,2026-07-28,TikTok Shop,SKU006,Trà hoa đậu biếc,An thần,1,34200.0,8800,8800,0.16,5472.0,19928.0,58.3
ORD00992,2026-07-28,Đại lý,SKU003,Trà diếp cá rau má,Detox,1,43200.0,10500,10500,0.0,0.0,32700.0,75.7
ORD00993,2026-07-28,Shopee,SKU008,Trà mâm xôi vitamin,Bổ sung dưỡng chất,3,105500.0,9800,29400,0.13,13715.0,62385.0,59.1
ORD00994,2026-07-28,Shopee,SKU004,Trà cà leo gai giảm cân,Detox,2,104400.0,15000,30000,0.13,13572.0,60828.0,58.3
ORD00995,2026-07-28,Shopee,SKU007,Trà gừng mật ong,Giữ ấm,1,38300.0,11000,11000,0.13,4979.0,22321.0,58.3
ORD00996,2026-07-29,Đại lý,SKU001,Trà atiso thanh lọc,Thanh lọc,1,34500.0,9000,9000,0.0,0.0,25500.0,73.9
ORD00997,2026-07-29,Zalo/Fanpage,SKU006,Trà hoa đậu biếc,An thần,3,97200.0,8800,26400,0.0,0.0,70800.0,72.8
ORD00998,2026-07-29,Zalo/Fanpage,SKU005,Trà hoa cúc an thần,An thần,1,38200.0,9500,9500,0.0,0.0,28700.0,75.1
ORD00999,2026-07-29,Shopee,SKU003,Trà diếp cá rau má,Detox,1,41000.0,10500,10500,0.13,5330.0,25170.0,61.4
ORD01000,2026-07-29,Zalo/Fanpage,SKU002,Trà lá nam sen ổi,Thanh lọc,2,62700.0,8500,17000,0.0,0.0,45700.0,72.9
ORD01001,2026-07-29,Shopee,SKU003,Trà diếp cá rau má,Detox,1,41700.0,10500,10500,0.13,5421.0,25779.0,61.8
ORD01002,2026-07-29,Shopee,SKU003,Trà diếp cá rau má,Detox,2,82200.0,10500,21000,0.13,10686.0,50514.0,61.5
ORD01003,2026-07-29,Đại lý,SKU007,Trà gừng mật ong,Giữ ấm,3,110500.0,11000,33000,0.0,0.0,77500.0,70.1
ORD01004,2026-07-29,TikTok Shop,SKU004,Trà cà leo gai giảm cân,Detox,3,162900.0,15000,45000,0.16,26064.0,91836.0,56.4
ORD01005,2026-07-29,TikTok Shop,SKU008,Trà mâm xôi vitamin,Bổ sung dưỡng chất,3,109900.0,9800,29400,0.16,17584.0,62916.0,57.2
ORD01006,2026-07-29,Shopee,SKU006,Trà hoa đậu biếc,An thần,1,32700.0,8800,8800,0.13,4251.0,19649.0,60.1
ORD01007,2026-07-29,TikTok Shop,SKU003,Trà diếp cá rau má,Detox,2,84900.0,10500,21000,0.16,13584.0,50316.0,59.3
ORD01008,2026-07-29,Shopee,SKU007,Trà gừng mật ong,Giữ ấm,2,77900.0,11000,22000,0.13,10127.0,45773.0,58.8
ORD01009,2026-07-29,Shopee,SKU005,Trà hoa cúc an thần,An thần,1,37100.0,9500,9500,0.13,4823.0,22777.0,61.4
ORD01010,2026-07-29,Đại lý,SKU002,Trà lá nam sen ổi,Thanh lọc,2,62600.0,8500,17000,0.0,0.0,45600.0,72.8
ORD01011,2026-07-29,TikTok Shop,SKU003,Trà diếp cá rau má,Detox,3,126600.0,10500,31500,0.16,20256.0,74844.0,59.1
ORD01012,2026-07-29,Zalo/Fanpage,SKU004,Trà cà leo gai giảm cân,Detox,1,51800.0,15000,15000,0.0,0.0,36800.0,71.0
ORD01013,2026-07-29,Zalo/Fanpage,SKU008,Trà mâm xôi vitamin,Bổ sung dưỡng chất,3,108600.0,9800,29400,0.0,0.0,79200.0,72.9
ORD01014,2026-07-29,TikTok Shop,SKU008,Trà mâm xôi vitamin,Bổ sung dưỡng chất,3,107500.0,9800,29400,0.16,17200.0,60900.0,56.7
ORD01015,2026-07-29,Shopee,SKU006,Trà hoa đậu biếc,An thần,1,31600.0,8800,8800,0.13,4108.0,18692.0,59.2
ORD01016,2026-07-29,Shopee,SKU006,Trà hoa đậu biếc,An thần,2,63100.0,8800,17600,0.13,8203.0,37297.0,59.1
ORD01017,2026-07-30,Đại lý,SKU004,Trà cà leo gai giảm cân,Detox,2,108800.0,15000,30000,0.0,0.0,78800.0,72.4
ORD01018,2026-07-30,Shopee,SKU001,Trà atiso thanh lọc,Thanh lọc,3,98000.0,9000,27000,0.13,12740.0,58260.0,59.4
ORD01019,2026-07-30,Shopee,SKU006,Trà hoa đậu biếc,An thần,1,34100.0,8800,8800,0.13,4433.0,20867.0,61.2
ORD01020,2026-07-30,TikTok Shop,SKU006,Trà hoa đậu biếc,An thần,1,32600.0,8800,8800,0.16,5216.0,18584.0,57.0
ORD01021,2026-07-30,TikTok Shop,SKU003,Trà diếp cá rau má,Detox,3,120100.0,10500,31500,0.16,19216.0,69384.0,57.8
ORD01022,2026-07-30,Shopee,SKU006,Trà hoa đậu biếc,An thần,2,65400.0,8800,17600,0.13,8502.0,39298.0,60.1
ORD01023,2026-07-30,Zalo/Fanpage,SKU001,Trà atiso thanh lọc,Thanh lọc,1,34300.0,9000,9000,0.0,0.0,25300.0,73.8
ORD01024,2026-07-30,Shopee,SKU003,Trà diếp cá rau má,Detox,2,80000.0,10500,21000,0.13,10400.0,48600.0,60.8
ORD01025,2026-07-30,TikTok Shop,SKU003,Trà diếp cá rau má,Detox,3,124900.0,10500,31500,0.16,19984.0,73416.0,58.8
ORD01026,2026-07-30,Đại lý,SKU001,Trà atiso thanh lọc,Thanh lọc,2,65500.0,9000,18000,0.0,0.0,47500.0,72.5
ORD01027,2026-07-30,Shopee,SKU004,Trà cà leo gai giảm cân,Detox,2,107700.0,15000,30000,0.13,14001.0,63699.0,59.1
ORD01028,2026-07-30,Đại lý,SKU003,Trà diếp cá rau má,Detox,3,126200.0,10500,31500,0.0,0.0,94700.0,75.0
ORD01029,2026-07-30,Zalo/Fanpage,SKU002,Trà lá nam sen ổi,Thanh lọc,3,97300.0,8500,25500,0.0,0.0,71800.0,73.8
ORD01030,2026-07-31,Shopee,SKU003,Trà diếp cá rau má,Detox,1,39500.0,10500,10500,0.13,5135.0,23865.0,60.4
ORD01031,2026-07-31,Shopee,SKU006,Trà hoa đậu biếc,An thần,1,34500.0,8800,8800,0.13,4485.0,21215.0,61.5
ORD01032,2026-07-31,Đại lý,SKU008,Trà mâm xôi vitamin,Bổ sung dưỡng chất,2,71300.0,9800,19600,0.0,0.0,51700.0,72.5
ORD01033,2026-07-31,Shopee,SKU005,Trà hoa cúc an thần,An thần,1,35400.0,9500,9500,0.13,4602.0,21298.0,60.2
ORD01034,2026-07-31,Zalo/Fanpage,SKU005,Trà hoa cúc an thần,An thần,1,36500.0,9500,9500,0.0,0.0,27000.0,74.0
ORD01035,2026-07-31,TikTok Shop,SKU003,Trà diếp cá rau má,Detox,1,41500.0,10500,10500,0.16,6640.0,24360.0,58.7
ORD01036,2026-07-31,Đại lý,SKU003,Trà diếp cá rau má,Detox,2,80300.0,10500,21000,0.0,0.0,59300.0,73.8
ORD01037,2026-07-31,TikTok Shop,SKU005,Trà hoa cúc an thần,An thần,1,37300.0,9500,9500,0.16,5968.0,21832.0,58.5
ORD01038,2026-07-31,Shopee,SKU003,Trà diếp cá rau má,Detox,2,78800.0,10500,21000,0.13,10244.0,47556.0,60.4
ORD01039,2026-07-31,Shopee,SKU006,Trà hoa đậu biếc,An thần,3,102100.0,8800,26400,0.13,13273.0,62427.0,61.1
ORD01040,2026-07-31,Shopee,SKU007,Trà gừng mật ong,Giữ ấm,1,39800.0,11000,11000,0.13,5174.0,23626.0,59.4
ORD01041,2026-07-31,Shopee,SKU004,Trà cà leo gai giảm cân,Detox,2,105500.0,15000,30000,0.13,13715.0,61785.0,58.6
ORD01042,2026-08-01,TikTok Shop,SKU002,Trà lá nam sen ổi,Thanh lọc,3,94700.0,8500,25500,0.16,15152.0,54048.0,57.1
ORD01043,2026-08-01,Zalo/Fanpage,SKU008,Trà mâm xôi vitamin,Bổ sung dưỡng chất,1,36600.0,9800,9800,0.0,0.0,26800.0,73.2
ORD01044,2026-08-01,Shopee,SKU006,Trà hoa đậu biếc,An thần,3,94700.0,8800,26400,0.13,12311.0,55989.0,59.1
ORD01045,2026-08-01,Shopee,SKU001,Trà atiso thanh lọc,Thanh lọc,2,69300.0,9000,18000,0.13,9009.0,42291.0,61.0
ORD01046,2026-08-01,Zalo/Fanpage,SKU006,Trà hoa đậu biếc,An thần,2,64200.0,8800,17600,0.0,0.0,46600.0,72.6
ORD01047,2026-08-01,Shopee,SKU003,Trà diếp cá rau má,Detox,2,81600.0,10500,21000,0.13,10608.0,49992.0,61.3
ORD01048,2026-08-01,Zalo/Fanpage,SKU004,Trà cà leo gai giảm cân,Detox,1,56000.0,15000,15000,0.0,0.0,41000.0,73.2
ORD01049,2026-08-01,TikTok Shop,SKU007,Trà gừng mật ong,Giữ ấm,1,38800.0,11000,11000,0.16,6208.0,21592.0,55.6
ORD01050,2026-08-01,TikTok Shop,SKU003,Trà diếp cá rau má,Detox,2,77400.0,10500,21000,0.16,12384.0,44016.0,56.9
ORD01051,2026-08-01,Shopee,SKU008,Trà mâm xôi vitamin,Bổ sung dưỡng chất,2,71700.0,9800,19600,0.13,9321.0,42779.0,59.7
ORD01052,2026-08-01,Zalo/Fanpage,SKU001,Trà atiso thanh lọc,Thanh lọc,1,32900.0,9000,9000,0.0,0.0,23900.0,72.6
ORD01053,2026-08-01,Đại lý,SKU006,Trà hoa đậu biếc,An thần,1,34000.0,8800,8800,0.0,0.0,25200.0,74.1
ORD01054,2026-08-01,TikTok Shop,SKU003,Trà diếp cá rau má,Detox,1,42200.0,10500,10500,0.16,6752.0,24948.0,59.1
ORD01055,2026-08-01,Shopee,SKU003,Trà diếp cá rau má,Detox,1,38800.0,10500,10500,0.13,5044.0,23256.0,59.9
ORD01056,2026-08-01,Shopee,SKU008,Trà mâm xôi vitamin,Bổ sung dưỡng chất,1,34700.0,9800,9800,0.13,4511.0,20389.0,58.8
ORD01057,2026-08-01,Đại lý,SKU008,Trà mâm xôi vitamin,Bổ sung dưỡng chất,1,37000.0,9800,9800,0.0,0.0,27200.0,73.5
ORD01058,2026-08-01,Shopee,SKU006,Trà hoa đậu biếc,An thần,2,67300.0,8800,17600,0.13,8749.0,40951.0,60.8
ORD01059,2026-08-01,Shopee,SKU006,Trà hoa đậu biếc,An thần,2,66600.0,8800,17600,0.13,8658.0,40342.0,60.6
ORD01060,2026-08-01,Shopee,SKU005,Trà hoa cúc an thần,An thần,1,37400.0,9500,9500,0.13,4862.0,23038.0,61.6
ORD01061,2026-08-02,TikTok Shop,SKU003,Trà diếp cá rau má,Detox,1,41000.0,10500,10500,0.16,6560.0,23940.0,58.4
ORD01062,2026-08-02,Shopee,SKU007,Trà gừng mật ong,Giữ ấm,2,80600.0,11000,22000,0.13,10478.0,48122.0,59.7
ORD01063,2026-08-02,Zalo/Fanpage,SKU001,Trà atiso thanh lọc,Thanh lọc,1,33900.0,9000,9000,0.0,0.0,24900.0,73.5
ORD01064,2026-08-02,Shopee,SKU004,Trà cà leo gai giảm cân,Detox,1,51900.0,15000,15000,0.13,6747.0,30153.0,58.1
ORD01065,2026-08-02,Shopee,SKU003,Trà diếp cá rau má,Detox,3,127200.0,10500,31500,0.13,16536.0,79164.0,62.2
ORD01066,2026-08-02,TikTok Shop,SKU004,Trà cà leo gai giảm cân,Detox,1,55000.0,15000,15000,0.16,8800.0,31200.0,56.7
ORD01067,2026-08-02,TikTok Shop,SKU004,Trà cà leo gai giảm cân,Detox,1,54200.0,15000,15000,0.16,8672.0,30528.0,56.3
ORD01068,2026-08-02,TikTok Shop,SKU004,Trà cà leo gai giảm cân,Detox,1,50900.0,15000,15000,0.16,8144.0,27756.0,54.5
ORD01069,2026-08-02,TikTok Shop,SKU002,Trà lá nam sen ổi,Thanh lọc,3,93700.0,8500,25500,0.16,14992.0,53208.0,56.8
ORD01070,2026-08-02,Zalo/Fanpage,SKU002,Trà lá nam sen ổi,Thanh lọc,1,30300.0,8500,8500,0.0,0.0,21800.0,71.9
ORD01071,2026-08-02,Shopee,SKU008,Trà mâm xôi vitamin,Bổ sung dưỡng chất,2,73900.0,9800,19600,0.13,9607.0,44693.0,60.5
ORD01072,2026-08-02,TikTok Shop,SKU007,Trà gừng mật ong,Giữ ấm,3,119100.0,11000,33000,0.16,19056.0,67044.0,56.3
ORD01073,2026-08-02,Shopee,SKU001,Trà atiso thanh lọc,Thanh lọc,2,69100.0,9000,18000,0.13,8983.0,42117.0,61.0
ORD01074,2026-08-02,TikTok Shop,SKU004,Trà cà leo gai giảm cân,Detox,1,55600.0,15000,15000,0.16,8896.0,31704.0,57.0
ORD01075,2026-08-02,TikTok Shop,SKU006,Trà hoa đậu biếc,An thần,1,33600.0,8800,8800,0.16,5376.0,19424.0,57.8
ORD01076,2026-08-02,TikTok Shop,SKU002,Trà lá nam sen ổi,Thanh lọc,3,91900.0,8500,25500,0.16,14704.0,51696.0,56.3
ORD01077,2026-08-03,TikTok Shop,SKU001,Trà atiso thanh lọc,Thanh lọc,2,67400.0,9000,18000,0.16,10784.0,38616.0,57.3
ORD01078,2026-08-03,Shopee,SKU003,Trà diếp cá rau má,Detox,2,83600.0,10500,21000,0.13,10868.0,51732.0,61.9
ORD01079,2026-08-03,Zalo/Fanpage,SKU006,Trà hoa đậu biếc,An thần,1,33100.0,8800,8800,0.0,0.0,24300.0,73.4
ORD01080,2026-08-03,TikTok Shop,SKU001,Trà atiso thanh lọc,Thanh lọc,2,68300.0,9000,18000,0.16,10928.0,39372.0,57.6
ORD01081,2026-08-03,Shopee,SKU004,Trà cà leo gai giảm cân,Detox,1,56100.0,15000,15000,0.13,7293.0,33807.0,60.3
ORD01082,2026-08-03,TikTok Shop,SKU001,Trà atiso thanh lọc,Thanh lọc,3,104100.0,9000,27000,0.16,16656.0,60444.0,58.1
ORD01083,2026-08-03,TikTok Shop,SKU003,Trà diếp cá rau má,Detox,1,41900.0,10500,10500,0.16,6704.0,24696.0,58.9
ORD01084,2026-08-03,Shopee,SKU008,Trà mâm xôi vitamin,Bổ sung dưỡng chất,2,72500.0,9800,19600,0.13,9425.0,43475.0,60.0
ORD01085,2026-08-03,Shopee,SKU004,Trà cà leo gai giảm cân,Detox,3,168300.0,15000,45000,0.13,21879.0,101421.0,60.3
ORD01086,2026-08-03,Zalo/Fanpage,SKU006,Trà hoa đậu biếc,An thần,2,63600.0,8800,17600,0.0,0.0,46000.0,72.3
ORD01087,2026-08-03,TikTok Shop,SKU003,Trà diếp cá rau má,Detox,1,39900.0,10500,10500,0.16,6384.0,23016.0,57.7
ORD01088,2026-08-03,Zalo/Fanpage,SKU004,Trà cà leo gai giảm cân,Detox,1,50600.0,15000,15000,0.0,0.0,35600.0,70.4
ORD01089,2026-08-03,Zalo/Fanpage,SKU001,Trà atiso thanh lọc,Thanh lọc,2,65300.0,9000,18000,0.0,0.0,47300.0,72.4
ORD01090,2026-08-03,Shopee,SKU005,Trà hoa cúc an thần,An thần,3,115000.0,9500,28500,0.13,14950.0,71550.0,62.2
ORD01091,2026-08-03,Shopee,SKU002,Trà lá nam sen ổi,Thanh lọc,2,63500.0,8500,17000,0.13,8255.0,38245.0,60.2
ORD01092,2026-08-03,Shopee,SKU007,Trà gừng mật ong,Giữ ấm,2,78600.0,11000,22000,0.13,10218.0,46382.0,59.0
ORD01093,2026-08-03,TikTok Shop,SKU008,Trà mâm xôi vitamin,Bổ sung dưỡng chất,2,72200.0,9800,19600,0.16,11552.0,41048.0,56.9
ORD01094,2026-08-04,TikTok Shop,SKU004,Trà cà leo gai giảm cân,Detox,1,52800.0,15000,15000,0.16,8448.0,29352.0,55.6
ORD01095,2026-08-04,TikTok Shop,SKU003,Trà diếp cá rau má,Detox,1,41300.0,10500,10500,0.16,6608.0,24192.0,58.6
ORD01096,2026-08-04,Zalo/Fanpage,SKU004,Trà cà leo gai giảm cân,Detox,1,55800.0,15000,15000,0.0,0.0,40800.0,73.1
ORD01097,2026-08-04,TikTok Shop,SKU006,Trà hoa đậu biếc,An thần,2,68400.0,8800,17600,0.16,10944.0,39856.0,58.3
ORD01098,2026-08-04,Đại lý,SKU001,Trà atiso thanh lọc,Thanh lọc,2,67500.0,9000,18000,0.0,0.0,49500.0,73.3
ORD01099,2026-08-04,Shopee,SKU004,Trà cà leo gai giảm cân,Detox,3,164200.0,15000,45000,0.13,21346.0,97854.0,59.6
ORD01100,2026-08-04,Shopee,SKU003,Trà diếp cá rau má,Detox,3,116000.0,10500,31500,0.13,15080.0,69420.0,59.8
ORD01101,2026-08-04,Shopee,SKU002,Trà lá nam sen ổi,Thanh lọc,2,61900.0,8500,17000,0.13,8047.0,36853.0,59.5
ORD01102,2026-08-04,Shopee,SKU003,Trà diếp cá rau má,Detox,1,41500.0,10500,10500,0.13,5395.0,25605.0,61.7
ORD01103,2026-08-04,Zalo/Fanpage,SKU008,Trà mâm xôi vitamin,Bổ sung dưỡng chất,2,71100.0,9800,19600,0.0,0.0,51500.0,72.4
ORD01104,2026-08-04,TikTok Shop,SKU006,Trà hoa đậu biếc,An thần,2,63000.0,8800,17600,0.16,10080.0,35320.0,56.1
ORD01105,2026-08-04,Zalo/Fanpage,SKU002,Trà lá nam sen ổi,Thanh lọc,2,62000.0,8500,17000,0.0,0.0,45000.0,72.6
ORD01106,2026-08-04,Shopee,SKU005,Trà hoa cúc an thần,An thần,2,72300.0,9500,19000,0.13,9399.0,43901.0,60.7
ORD01107,2026-08-04,Shopee,SKU004,Trà cà leo gai giảm cân,Detox,2,109700.0,15000,30000,0.13,14261.0,65439.0,59.7
ORD01108,2026-08-04,TikTok Shop,SKU005,Trà hoa cúc an thần,An thần,1,36000.0,9500,9500,0.16,5760.0,20740.0,57.6
ORD01109,2026-08-04,Shopee,SKU002,Trà lá nam sen ổi,Thanh lọc,1,32200.0,8500,8500,0.13,4186.0,19514.0,60.6
ORD01110,2026-08-05,TikTok Shop,SKU004,Trà cà leo gai giảm cân,Detox,1,53700.0,15000,15000,0.16,8592.0,30108.0,56.1
ORD01111,2026-08-05,Zalo/Fanpage,SKU001,Trà atiso thanh lọc,Thanh lọc,1,34300.0,9000,9000,0.0,0.0,25300.0,73.8
ORD01112,2026-08-05,Zalo/Fanpage,SKU005,Trà hoa cúc an thần,An thần,2,72800.0,9500,19000,0.0,0.0,53800.0,73.9
ORD01113,2026-08-05,Đại lý,SKU002,Trà lá nam sen ổi,Thanh lọc,2,65700.0,8500,17000,0.0,0.0,48700.0,74.1
ORD01114,2026-08-05,TikTok Shop,SKU004,Trà cà leo gai giảm cân,Detox,1,52200.0,15000,15000,0.16,8352.0,28848.0,55.3
ORD01115,2026-08-05,Shopee,SKU002,Trà lá nam sen ổi,Thanh lọc,1,31200.0,8500,8500,0.13,4056.0,18644.0,59.8
ORD01116,2026-08-05,Shopee,SKU002,Trà lá nam sen ổi,Thanh lọc,2,65600.0,8500,17000,0.13,8528.0,40072.0,61.1
ORD01117,2026-08-05,Zalo/Fanpage,SKU007,Trà gừng mật ong,Giữ ấm,2,75800.0,11000,22000,0.0,0.0,53800.0,71.0
ORD01118,2026-08-05,Shopee,SKU003,Trà diếp cá rau má,Detox,2,84400.0,10500,21000,0.13,10972.0,52428.0,62.1
ORD01119,2026-08-05,Zalo/Fanpage,SKU008,Trà mâm xôi vitamin,Bổ sung dưỡng chất,2,71600.0,9800,19600,0.0,0.0,52000.0,72.6
ORD01120,2026-08-05,Zalo/Fanpage,SKU008,Trà mâm xôi vitamin,Bổ sung dưỡng chất,2,67200.0,9800,19600,0.0,0.0,47600.0,70.8
ORD01121,2026-08-05,Shopee,SKU005,Trà hoa cúc an thần,An thần,1,37800.0,9500,9500,0.13,4914.0,23386.0,61.9
ORD01122,2026-08-05,Shopee,SKU003,Trà diếp cá rau má,Detox,1,41000.0,10500,10500,0.13,5330.0,25170.0,61.4
ORD01123,2026-08-05,Shopee,SKU007,Trà gừng mật ong,Giữ ấm,1,38100.0,11000,11000,0.13,4953.0,22147.0,58.1
ORD01124,2026-08-05,Shopee,SKU006,Trà hoa đậu biếc,An thần,1,31600.0,8800,8800,0.13,4108.0,18692.0,59.2
ORD01125,2026-08-06,TikTok Shop,SKU003,Trà diếp cá rau má,Detox,2,79800.0,10500,21000,0.16,12768.0,46032.0,57.7
ORD01126,2026-08-06,Đại lý,SKU006,Trà hoa đậu biếc,An thần,1,33100.0,8800,8800,0.0,0.0,24300.0,73.4
ORD01127,2026-08-06,Shopee,SKU006,Trà hoa đậu biếc,An thần,1,32100.0,8800,8800,0.13,4173.0,19127.0,59.6
ORD01128,2026-08-06,Shopee,SKU003,Trà diếp cá rau má,Detox,2,80600.0,10500,21000,0.13,10478.0,49122.0,60.9
ORD01129,2026-08-06,Zalo/Fanpage,SKU001,Trà atiso thanh lọc,Thanh lọc,1,34800.0,9000,9000,0.0,0.0,25800.0,74.1
ORD01130,2026-08-06,TikTok Shop,SKU005,Trà hoa cúc an thần,An thần,2,77900.0,9500,19000,0.16,12464.0,46436.0,59.6
ORD01131,2026-08-06,Zalo/Fanpage,SKU004,Trà cà leo gai giảm cân,Detox,1,53600.0,15000,15000,0.0,0.0,38600.0,72.0
ORD01132,2026-08-06,Đại lý,SKU008,Trà mâm xôi vitamin,Bổ sung dưỡng chất,1,35100.0,9800,9800,0.0,0.0,25300.0,72.1
ORD01133,2026-08-06,Đại lý,SKU008,Trà mâm xôi vitamin,Bổ sung dưỡng chất,1,34700.0,9800,9800,0.0,0.0,24900.0,71.8
ORD01134,2026-08-06,Zalo/Fanpage,SKU001,Trà atiso thanh lọc,Thanh lọc,2,70600.0,9000,18000,0.0,0.0,52600.0,74.5
ORD01135,2026-08-06,TikTok Shop,SKU004,Trà cà leo gai giảm cân,Detox,2,105400.0,15000,30000,0.16,16864.0,58536.0,55.5
ORD01136,2026-08-06,Zalo/Fanpage,SKU007,Trà gừng mật ong,Giữ ấm,2,82200.0,11000,22000,0.0,0.0,60200.0,73.2
ORD01137,2026-08-07,TikTok Shop,SKU003,Trà diếp cá rau má,Detox,1,38700.0,10500,10500,0.16,6192.0,22008.0,56.9
ORD01138,2026-08-07,Shopee,SKU004,Trà cà leo gai giảm cân,Detox,1,52800.0,15000,15000,0.13,6864.0,30936.0,58.6
ORD01139,2026-08-07,Zalo/Fanpage,SKU002,Trà lá nam sen ổi,Thanh lọc,1,30300.0,8500,8500,0.0,0.0,21800.0,71.9
ORD01140,2026-08-07,TikTok Shop,SKU005,Trà hoa cúc an thần,An thần,1,35700.0,9500,9500,0.16,5712.0,20488.0,57.4
ORD01141,2026-08-07,Shopee,SKU004,Trà cà leo gai giảm cân,Detox,1,52800.0,15000,15000,0.13,6864.0,30936.0,58.6
ORD01142,2026-08-07,Shopee,SKU004,Trà cà leo gai giảm cân,Detox,2,102800.0,15000,30000,0.13,13364.0,59436.0,57.8
ORD01143,2026-08-07,TikTok Shop,SKU003,Trà diếp cá rau má,Detox,1,42000.0,10500,10500,0.16,6720.0,24780.0,59.0
ORD01144,2026-08-07,Zalo/Fanpage,SKU005,Trà hoa cúc an thần,An thần,2,71600.0,9500,19000,0.0,0.0,52600.0,73.5
ORD01145,2026-08-07,Zalo/Fanpage,SKU007,Trà gừng mật ong,Giữ ấm,2,80700.0,11000,22000,0.0,0.0,58700.0,72.7
ORD01146,2026-08-07,Shopee,SKU004,Trà cà leo gai giảm cân,Detox,3,161200.0,15000,45000,0.13,20956.0,95244.0,59.1
ORD01147,2026-08-07,Zalo/Fanpage,SKU007,Trà gừng mật ong,Giữ ấm,1,37900.0,11000,11000,0.0,0.0,26900.0,71.0
ORD01148,2026-08-07,Zalo/Fanpage,SKU001,Trà atiso thanh lọc,Thanh lọc,1,34900.0,9000,9000,0.0,0.0,25900.0,74.2
ORD01149,2026-08-07,Shopee,SKU007,Trà gừng mật ong,Giữ ấm,2,81000.0,11000,22000,0.13,10530.0,48470.0,59.8
ORD01150,2026-08-07,Shopee,SKU006,Trà hoa đậu biếc,An thần,1,32600.0,8800,8800,0.13,4238.0,19562.0,60.0
ORD01151,2026-08-07,TikTok Shop,SKU008,Trà mâm xôi vitamin,Bổ sung dưỡng chất,1,34500.0,9800,9800,0.16,5520.0,19180.0,55.6
ORD01152,2026-08-07,Shopee,SKU003,Trà diếp cá rau má,Detox,3,129300.0,10500,31500,0.13,16809.0,80991.0,62.6
ORD01153,2026-08-07,Shopee,SKU004,Trà cà leo gai giảm cân,Detox,3,161600.0,15000,45000,0.13,21008.0,95592.0,59.2
ORD01154,2026-08-07,Đại lý,SKU002,Trà lá nam sen ổi,Thanh lọc,1,31800.0,8500,8500,0.0,0.0,23300.0,73.3
ORD01155,2026-08-07,TikTok Shop,SKU006,Trà hoa đậu biếc,An thần,1,32700.0,8800,8800,0.16,5232.0,18668.0,57.1
ORD01156,2026-08-07,Shopee,SKU005,Trà hoa cúc an thần,An thần,1,38600.0,9500,9500,0.13,5018.0,24082.0,62.4
ORD01157,2026-08-07,TikTok Shop,SKU008,Trà mâm xôi vitamin,Bổ sung dưỡng chất,2,71200.0,9800,19600,0.16,11392.0,40208.0,56.5
ORD01158,2026-08-08,Shopee,SKU008,Trà mâm xôi vitamin,Bổ sung dưỡng chất,1,33800.0,9800,9800,0.13,4394.0,19606.0,58.0
ORD01159,2026-08-08,Shopee,SKU003,Trà diếp cá rau má,Detox,1,41900.0,10500,10500,0.13,5447.0,25953.0,61.9
ORD01160,2026-08-08,TikTok Shop,SKU003,Trà diếp cá rau má,Detox,2,84500.0,10500,21000,0.16,13520.0,49980.0,59.1
ORD01161,2026-08-08,Đại lý,SKU007,Trà gừng mật ong,Giữ ấm,2,82100.0,11000,22000,0.0,0.0,60100.0,73.2
ORD01162,2026-08-08,Shopee,SKU002,Trà lá nam sen ổi,Thanh lọc,1,29900.0,8500,8500,0.13,3887.0,17513.0,58.6
ORD01163,2026-08-08,Shopee,SKU003,Trà diếp cá rau má,Detox,3,125600.0,10500,31500,0.13,16328.0,77772.0,61.9
ORD01164,2026-08-08,Shopee,SKU002,Trà lá nam sen ổi,Thanh lọc,1,29800.0,8500,8500,0.13,3874.0,17426.0,58.5
ORD01165,2026-08-08,Đại lý,SKU005,Trà hoa cúc an thần,An thần,1,35100.0,9500,9500,0.0,0.0,25600.0,72.9
ORD01166,2026-08-08,Shopee,SKU006,Trà hoa đậu biếc,An thần,1,31700.0,8800,8800,0.13,4121.0,18779.0,59.2
ORD01167,2026-08-08,TikTok Shop,SKU001,Trà atiso thanh lọc,Thanh lọc,2,66800.0,9000,18000,0.16,10688.0,38112.0,57.1
ORD01168,2026-08-08,Shopee,SKU003,Trà diếp cá rau má,Detox,3,117700.0,10500,31500,0.13,15301.0,70899.0,60.2
ORD01169,2026-08-08,TikTok Shop,SKU002,Trà lá nam sen ổi,Thanh lọc,1,31800.0,8500,8500,0.16,5088.0,18212.0,57.3
ORD01170,2026-08-08,Zalo/Fanpage,SKU003,Trà diếp cá rau má,Detox,2,81600.0,10500,21000,0.0,0.0,60600.0,74.3
ORD01171,2026-08-08,Zalo/Fanpage,SKU008,Trà mâm xôi vitamin,Bổ sung dưỡng chất,2,69800.0,9800,19600,0.0,0.0,50200.0,71.9
ORD01172,2026-08-08,Đại lý,SKU006,Trà hoa đậu biếc,An thần,1,33500.0,8800,8800,0.0,0.0,24700.0,73.7
ORD01173,2026-08-08,TikTok Shop,SKU006,Trà hoa đậu biếc,An thần,2,65800.0,8800,17600,0.16,10528.0,37672.0,57.3
ORD01174,2026-08-08,TikTok Shop,SKU004,Trà cà leo gai giảm cân,Detox,1,53500.0,15000,15000,0.16,8560.0,29940.0,56.0
ORD01175,2026-08-08,Shopee,SKU001,Trà atiso thanh lọc,Thanh lọc,1,33600.0,9000,9000,0.13,4368.0,20232.0,60.2
ORD01176,2026-08-08,Shopee,SKU003,Trà diếp cá rau má,Detox,1,41100.0,10500,10500,0.13,5343.0,25257.0,61.5
ORD01177,2026-08-08,Zalo/Fanpage,SKU001,Trà atiso thanh lọc,Thanh lọc,1,34000.0,9000,9000,0.0,0.0,25000.0,73.5
ORD01178,2026-08-08,Shopee,SKU008,Trà mâm xôi vitamin,Bổ sung dưỡng chất,2,68600.0,9800,19600,0.13,8918.0,40082.0,58.4
ORD01179,2026-08-08,Zalo/Fanpage,SKU007,Trà gừng mật ong,Giữ ấm,2,75600.0,11000,22000,0.0,0.0,53600.0,70.9
ORD01180,2026-08-08,Shopee,SKU003,Trà diếp cá rau má,Detox,2,85400.0,10500,21000,0.13,11102.0,53298.0,62.4
ORD01181,2026-08-08,Shopee,SKU003,Trà diếp cá rau má,Detox,3,126100.0,10500,31500,0.13,16393.0,78207.0,62.0
ORD01182,2026-08-09,Zalo/Fanpage,SKU002,Trà lá nam sen ổi,Thanh lọc,1,30900.0,8500,8500,0.0,0.0,22400.0,72.5
ORD01183,2026-08-09,Shopee,SKU006,Trà hoa đậu biếc,An thần,2,68600.0,8800,17600,0.13,8918.0,42082.0,61.3
ORD01184,2026-08-09,TikTok Shop,SKU003,Trà diếp cá rau má,Detox,3,123300.0,10500,31500,0.16,19728.0,72072.0,58.5
ORD01185,2026-08-09,Shopee,SKU002,Trà lá nam sen ổi,Thanh lọc,1,30100.0,8500,8500,0.13,3913.0,17687.0,58.8
ORD01186,2026-08-09,Shopee,SKU005,Trà hoa cúc an thần,An thần,2,73700.0,9500,19000,0.13,9581.0,45119.0,61.2
ORD01187,2026-08-09,Zalo/Fanpage,SKU005,Trà hoa cúc an thần,An thần,1,35000.0,9500,9500,0.0,0.0,25500.0,72.9
ORD01188,2026-08-09,Shopee,SKU004,Trà cà leo gai giảm cân,Detox,1,56500.0,15000,15000,0.13,7345.0,34155.0,60.5
ORD01189,2026-08-09,Shopee,SKU002,Trà lá nam sen ổi,Thanh lọc,2,64000.0,8500,17000,0.13,8320.0,38680.0,60.4
ORD01190,2026-08-09,Shopee,SKU002,Trà lá nam sen ổi,Thanh lọc,2,60400.0,8500,17000,0.13,7852.0,35548.0,58.9
ORD01191,2026-08-09,Shopee,SKU006,Trà hoa đậu biếc,An thần,2,70000.0,8800,17600,0.13,9100.0,43300.0,61.9
ORD01192,2026-08-09,TikTok Shop,SKU006,Trà hoa đậu biếc,An thần,1,31600.0,8800,8800,0.16,5056.0,17744.0,56.2
ORD01193,2026-08-09,Zalo/Fanpage,SKU002,Trà lá nam sen ổi,Thanh lọc,1,32200.0,8500,8500,0.0,0.0,23700.0,73.6
ORD01194,2026-08-09,Shopee,SKU004,Trà cà leo gai giảm cân,Detox,1,56000.0,15000,15000,0.13,7280.0,33720.0,60.2
ORD01195,2026-08-09,Shopee,SKU003,Trà diếp cá rau má,Detox,1,39200.0,10500,10500,0.13,5096.0,23604.0,60.2
ORD01196,2026-08-09,Zalo/Fanpage,SKU002,Trà lá nam sen ổi,Thanh lọc,2,60600.0,8500,17000,0.0,0.0,43600.0,71.9
ORD01197,2026-08-09,Đại lý,SKU002,Trà lá nam sen ổi,Thanh lọc,3,96500.0,8500,25500,0.0,0.0,71000.0,73.6
ORD01198,2026-08-09,TikTok Shop,SKU008,Trà mâm xôi vitamin,Bổ sung dưỡng chất,2,69300.0,9800,19600,0.16,11088.0,38612.0,55.7
ORD01199,2026-08-09,Đại lý,SKU008,Trà mâm xôi vitamin,Bổ sung dưỡng chất,1,35600.0,9800,9800,0.0,0.0,25800.0,72.5
ORD01200,2026-08-09,Shopee,SKU008,Trà mâm xôi vitamin,Bổ sung dưỡng chất,2,67200.0,9800,19600,0.13,8736.0,38864.0,57.8
ORD01201,2026-08-09,TikTok Shop,SKU003,Trà diếp cá rau má,Detox,1,42700.0,10500,10500,0.16,6832.0,25368.0,59.4
ORD01202,2026-08-09,Zalo/Fanpage,SKU002,Trà lá nam sen ổi,Thanh lọc,1,30300.0,8500,8500,0.0,0.0,21800.0,71.9
ORD01203,2026-08-10,Shopee,SKU002,Trà lá nam sen ổi,Thanh lọc,1,31500.0,8500,8500,0.13,4095.0,18905.0,60.0
ORD01204,2026-08-10,Shopee,SKU003,Trà diếp cá rau má,Detox,1,41300.0,10500,10500,0.13,5369.0,25431.0,61.6
ORD01205,2026-08-10,TikTok Shop,SKU005,Trà hoa cúc an thần,An thần,1,36500.0,9500,9500,0.16,5840.0,21160.0,58.0
ORD01206,2026-08-10,Shopee,SKU002,Trà lá nam sen ổi,Thanh lọc,1,31900.0,8500,8500,0.13,4147.0,19253.0,60.4
ORD01207,2026-08-10,Shopee,SKU008,Trà mâm xôi vitamin,Bổ sung dưỡng chất,3,100100.0,9800,29400,0.13,13013.0,57687.0,57.6
ORD01208,2026-08-10,Shopee,SKU002,Trà lá nam sen ổi,Thanh lọc,2,64500.0,8500,17000,0.13,8385.0,39115.0,60.6
ORD01209,2026-08-10,Shopee,SKU003,Trà diếp cá rau má,Detox,2,84600.0,10500,21000,0.13,10998.0,52602.0,62.2
ORD01210,2026-08-10,Zalo/Fanpage,SKU007,Trà gừng mật ong,Giữ ấm,2,80100.0,11000,22000,0.0,0.0,58100.0,72.5
ORD01211,2026-08-10,Shopee,SKU003,Trà diếp cá rau má,Detox,3,117800.0,10500,31500,0.13,15314.0,70986.0,60.3
ORD01212,2026-08-10,Zalo/Fanpage,SKU005,Trà hoa cúc an thần,An thần,2,74600.0,9500,19000,0.0,0.0,55600.0,74.5
ORD01213,2026-08-10,TikTok Shop,SKU004,Trà cà leo gai giảm cân,Detox,2,103500.0,15000,30000,0.16,16560.0,56940.0,55.0
ORD01214,2026-08-10,Shopee,SKU006,Trà hoa đậu biếc,An thần,1,34500.0,8800,8800,0.13,4485.0,21215.0,61.5
ORD01215,2026-08-10,TikTok Shop,SKU007,Trà gừng mật ong,Giữ ấm,1,37100.0,11000,11000,0.16,5936.0,20164.0,54.4
ORD01216,2026-08-10,Shopee,SKU003,Trà diếp cá rau má,Detox,1,41100.0,10500,10500,0.13,5343.0,25257.0,61.5
ORD01217,2026-08-10,TikTok Shop,SKU006,Trà hoa đậu biếc,An thần,2,65400.0,8800,17600,0.16,10464.0,37336.0,57.1
ORD01218,2026-08-10,Shopee,SKU001,Trà atiso thanh lọc,Thanh lọc,1,35200.0,9000,9000,0.13,4576.0,21624.0,61.4
ORD01219,2026-08-11,Shopee,SKU001,Trà atiso thanh lọc,Thanh lọc,2,70700.0,9000,18000,0.13,9191.0,43509.0,61.5
ORD01220,2026-08-11,Shopee,SKU005,Trà hoa cúc an thần,An thần,2,71200.0,9500,19000,0.13,9256.0,42944.0,60.3
ORD01221,2026-08-11,Shopee,SKU004,Trà cà leo gai giảm cân,Detox,1,51300.0,15000,15000,0.13,6669.0,29631.0,57.8
ORD01222,2026-08-11,TikTok Shop,SKU001,Trà atiso thanh lọc,Thanh lọc,1,32900.0,9000,9000,0.16,5264.0,18636.0,56.6
ORD01223,2026-08-11,Shopee,SKU002,Trà lá nam sen ổi,Thanh lọc,1,29800.0,8500,8500,0.13,3874.0,17426.0,58.5
ORD01224,2026-08-11,TikTok Shop,SKU007,Trà gừng mật ong,Giữ ấm,3,116900.0,11000,33000,0.16,18704.0,65196.0,55.8
ORD01225,2026-08-11,TikTok Shop,SKU004,Trà cà leo gai giảm cân,Detox,1,52800.0,15000,15000,0.16,8448.0,29352.0,55.6
ORD01226,2026-08-11,TikTok Shop,SKU001,Trà atiso thanh lọc,Thanh lọc,1,34700.0,9000,9000,0.16,5552.0,20148.0,58.1
ORD01227,2026-08-11,Đại lý,SKU007,Trà gừng mật ong,Giữ ấm,2,80600.0,11000,22000,0.0,0.0,58600.0,72.7
ORD01228,2026-08-11,Shopee,SKU004,Trà cà leo gai giảm cân,Detox,2,111100.0,15000,30000,0.13,14443.0,66657.0,60.0
ORD01229,2026-08-11,Zalo/Fanpage,SKU001,Trà atiso thanh lọc,Thanh lọc,2,66400.0,9000,18000,0.0,0.0,48400.0,72.9
ORD01230,2026-08-11,Shopee,SKU001,Trà atiso thanh lọc,Thanh lọc,1,32500.0,9000,9000,0.13,4225.0,19275.0,59.3
ORD01231,2026-08-11,Shopee,SKU004,Trà cà leo gai giảm cân,Detox,1,55000.0,15000,15000,0.13,7150.0,32850.0,59.7
ORD01232,2026-08-12,Shopee,SKU002,Trà lá nam sen ổi,Thanh lọc,3,90900.0,8500,25500,0.13,11817.0,53583.0,58.9
ORD01233,2026-08-12,TikTok Shop,SKU002,Trà lá nam sen ổi,Thanh lọc,3,94200.0,8500,25500,0.16,15072.0,53628.0,56.9
ORD01234,2026-08-12,Zalo/Fanpage,SKU007,Trà gừng mật ong,Giữ ấm,2,76800.0,11000,22000,0.0,0.0,54800.0,71.4
ORD01235,2026-08-12,TikTok Shop,SKU005,Trà hoa cúc an thần,An thần,1,35700.0,9500,9500,0.16,5712.0,20488.0,57.4
ORD01236,2026-08-12,Shopee,SKU004,Trà cà leo gai giảm cân,Detox,1,54600.0,15000,15000,0.13,7098.0,32502.0,59.5
ORD01237,2026-08-12,TikTok Shop,SKU004,Trà cà leo gai giảm cân,Detox,1,56100.0,15000,15000,0.16,8976.0,32124.0,57.3
ORD01238,2026-08-12,TikTok Shop,SKU008,Trà mâm xôi vitamin,Bổ sung dưỡng chất,1,34800.0,9800,9800,0.16,5568.0,19432.0,55.8
ORD01239,2026-08-12,TikTok Shop,SKU007,Trà gừng mật ong,Giữ ấm,1,39500.0,11000,11000,0.16,6320.0,22180.0,56.2
ORD01240,2026-08-12,TikTok Shop,SKU003,Trà diếp cá rau má,Detox,2,85800.0,10500,21000,0.16,13728.0,51072.0,59.5
ORD01241,2026-08-12,Shopee,SKU008,Trà mâm xôi vitamin,Bổ sung dưỡng chất,2,73800.0,9800,19600,0.13,9594.0,44606.0,60.4
ORD01242,2026-08-12,Shopee,SKU001,Trà atiso thanh lọc,Thanh lọc,1,34500.0,9000,9000,0.13,4485.0,21015.0,60.9
ORD01243,2026-08-12,TikTok Shop,SKU008,Trà mâm xôi vitamin,Bổ sung dưỡng chất,1,33100.0,9800,9800,0.16,5296.0,18004.0,54.4
ORD01244,2026-08-12,Đại lý,SKU002,Trà lá nam sen ổi,Thanh lọc,1,29500.0,8500,8500,0.0,0.0,21000.0,71.2
ORD01245,2026-08-12,Zalo/Fanpage,SKU006,Trà hoa đậu biếc,An thần,1,34700.0,8800,8800,0.0,0.0,25900.0,74.6
ORD01246,2026-08-12,TikTok Shop,SKU004,Trà cà leo gai giảm cân,Detox,2,103100.0,15000,30000,0.16,16496.0,56604.0,54.9
ORD01247,2026-08-12,Shopee,SKU003,Trà diếp cá rau má,Detox,1,39900.0,10500,10500,0.13,5187.0,24213.0,60.7
ORD01248,2026-08-12,Zalo/Fanpage,SKU002,Trà lá nam sen ổi,Thanh lọc,1,32300.0,8500,8500,0.0,0.0,23800.0,73.7
ORD01249,2026-08-12,Shopee,SKU003,Trà diếp cá rau má,Detox,1,42000.0,10500,10500,0.13,5460.0,26040.0,62.0
ORD01250,2026-08-13,Shopee,SKU004,Trà cà leo gai giảm cân,Detox,2,111200.0,15000,30000,0.13,14456.0,66744.0,60.0
ORD01251,2026-08-13,TikTok Shop,SKU004,Trà cà leo gai giảm cân,Detox,1,54200.0,15000,15000,0.16,8672.0,30528.0,56.3
ORD01252,2026-08-13,Shopee,SKU006,Trà hoa đậu biếc,An thần,2,65400.0,8800,17600,0.13,8502.0,39298.0,60.1
ORD01253,2026-08-13,Zalo/Fanpage,SKU008,Trà mâm xôi vitamin,Bổ sung dưỡng chất,1,34500.0,9800,9800,0.0,0.0,24700.0,71.6
ORD01254,2026-08-13,Zalo/Fanpage,SKU004,Trà cà leo gai giảm cân,Detox,1,55900.0,15000,15000,0.0,0.0,40900.0,73.2
ORD01255,2026-08-13,Shopee,SKU005,Trà hoa cúc an thần,An thần,2,77700.0,9500,19000,0.13,10101.0,48599.0,62.5
ORD01256,2026-08-13,TikTok Shop,SKU005,Trà hoa cúc an thần,An thần,1,36200.0,9500,9500,0.16,5792.0,20908.0,57.8
ORD01257,2026-08-13,Shopee,SKU004,Trà cà leo gai giảm cân,Detox,1,52600.0,15000,15000,0.13,6838.0,30762.0,58.5
ORD01258,2026-08-13,TikTok Shop,SKU002,Trà lá nam sen ổi,Thanh lọc,3,96000.0,8500,25500,0.16,15360.0,55140.0,57.4
ORD01259,2026-08-13,Shopee,SKU004,Trà cà leo gai giảm cân,Detox,2,108200.0,15000,30000,0.13,14066.0,64134.0,59.3
ORD01260,2026-08-13,Shopee,SKU004,Trà cà leo gai giảm cân,Detox,2,103000.0,15000,30000,0.13,13390.0,59610.0,57.9
ORD01261,2026-08-13,Shopee,SKU004,Trà cà leo gai giảm cân,Detox,3,152700.0,15000,45000,0.13,19851.0,87849.0,57.5
ORD01262,2026-08-13,Shopee,SKU001,Trà atiso thanh lọc,Thanh lọc,2,67700.0,9000,18000,0.13,8801.0,40899.0,60.4
ORD01263,2026-08-13,TikTok Shop,SKU006,Trà hoa đậu biếc,An thần,2,66700.0,8800,17600,0.16,10672.0,38428.0,57.6
ORD01264,2026-08-13,TikTok Shop,SKU005,Trà hoa cúc an thần,An thần,1,37300.0,9500,9500,0.16,5968.0,21832.0,58.5
ORD01265,2026-08-13,Đại lý,SKU005,Trà hoa cúc an thần,An thần,1,35300.0,9500,9500,0.0,0.0,25800.0,73.1
ORD01266,2026-08-13,Zalo/Fanpage,SKU003,Trà diếp cá rau má,Detox,2,78100.0,10500,21000,0.0,0.0,57100.0,73.1
ORD01267,2026-08-13,TikTok Shop,SKU004,Trà cà leo gai giảm cân,Detox,1,51800.0,15000,15000,0.16,8288.0,28512.0,55.0
ORD01268,2026-08-13,Shopee,SKU005,Trà hoa cúc an thần,An thần,1,35700.0,9500,9500,0.13,4641.0,21559.0,60.4
ORD01269,2026-08-13,Shopee,SKU007,Trà gừng mật ong,Giữ ấm,2,79100.0,11000,22000,0.13,10283.0,46817.0,59.2
ORD01270,2026-08-13,Shopee,SKU008,Trà mâm xôi vitamin,Bổ sung dưỡng chất,1,33900.0,9800,9800,0.13,4407.0,19693.0,58.1
ORD01271,2026-08-14,Shopee,SKU006,Trà hoa đậu biếc,An thần,1,31700.0,8800,8800,0.13,4121.0,18779.0,59.2
ORD01272,2026-08-14,Shopee,SKU008,Trà mâm xôi vitamin,Bổ sung dưỡng chất,1,36600.0,9800,9800,0.13,4758.0,22042.0,60.2
ORD01273,2026-08-14,Zalo/Fanpage,SKU001,Trà atiso thanh lọc,Thanh lọc,3,105900.0,9000,27000,0.0,0.0,78900.0,74.5
ORD01274,2026-08-14,Shopee,SKU004,Trà cà leo gai giảm cân,Detox,1,51900.0,15000,15000,0.13,6747.0,30153.0,58.1
ORD01275,2026-08-14,TikTok Shop,SKU003,Trà diếp cá rau má,Detox,2,84200.0,10500,21000,0.16,13472.0,49728.0,59.1
ORD01276,2026-08-14,TikTok Shop,SKU005,Trà hoa cúc an thần,An thần,1,37900.0,9500,9500,0.16,6064.0,22336.0,58.9
ORD01277,2026-08-14,TikTok Shop,SKU003,Trà diếp cá rau má,Detox,3,123200.0,10500,31500,0.16,19712.0,71988.0,58.4
ORD01278,2026-08-14,Shopee,SKU001,Trà atiso thanh lọc,Thanh lọc,1,35200.0,9000,9000,0.13,4576.0,21624.0,61.4
ORD01279,2026-08-14,TikTok Shop,SKU001,Trà atiso thanh lọc,Thanh lọc,3,107500.0,9000,27000,0.16,17200.0,63300.0,58.9
ORD01280,2026-08-14,Shopee,SKU005,Trà hoa cúc an thần,An thần,3,115600.0,9500,28500,0.13,15028.0,72072.0,62.3
ORD01281,2026-08-14,TikTok Shop,SKU007,Trà gừng mật ong,Giữ ấm,1,38100.0,11000,11000,0.16,6096.0,21004.0,55.1
ORD01282,2026-08-14,Zalo/Fanpage,SKU004,Trà cà leo gai giảm cân,Detox,2,107400.0,15000,30000,0.0,0.0,77400.0,72.1
ORD01283,2026-08-14,Zalo/Fanpage,SKU008,Trà mâm xôi vitamin,Bổ sung dưỡng chất,2,73100.0,9800,19600,0.0,0.0,53500.0,73.2
ORD01284,2026-08-14,TikTok Shop,SKU002,Trà lá nam sen ổi,Thanh lọc,2,65700.0,8500,17000,0.16,10512.0,38188.0,58.1
ORD01285,2026-08-14,TikTok Shop,SKU006,Trà hoa đậu biếc,An thần,1,32200.0,8800,8800,0.16,5152.0,18248.0,56.7
ORD01286,2026-08-15,Shopee,SKU004,Trà cà leo gai giảm cân,Detox,3,154600.0,15000,45000,0.13,20098.0,89502.0,57.9
ORD01287,2026-08-15,Shopee,SKU003,Trà diếp cá rau má,Detox,3,120100.0,10500,31500,0.13,15613.0,72987.0,60.8
ORD01288,2026-08-15,Đại lý,SKU008,Trà mâm xôi vitamin,Bổ sung dưỡng chất,1,36300.0,9800,9800,0.0,0.0,26500.0,73.0
ORD01289,2026-08-15,TikTok Shop,SKU007,Trà gừng mật ong,Giữ ấm,1,41000.0,11000,11000,0.16,6560.0,23440.0,57.2
ORD01290,2026-08-15,Đại lý,SKU002,Trà lá nam sen ổi,Thanh lọc,1,32600.0,8500,8500,0.0,0.0,24100.0,73.9
ORD01291,2026-08-15,TikTok Shop,SKU001,Trà atiso thanh lọc,Thanh lọc,2,68400.0,9000,18000,0.16,10944.0,39456.0,57.7
ORD01292,2026-08-15,TikTok Shop,SKU007,Trà gừng mật ong,Giữ ấm,3,113400.0,11000,33000,0.16,18144.0,62256.0,54.9
ORD01293,2026-08-15,Shopee,SKU002,Trà lá nam sen ổi,Thanh lọc,1,32600.0,8500,8500,0.13,4238.0,19862.0,60.9
ORD01294,2026-08-15,Shopee,SKU004,Trà cà leo gai giảm cân,Detox,1,54500.0,15000,15000,0.13,7085.0,32415.0,59.5
ORD01295,2026-08-15,TikTok Shop,SKU005,Trà hoa cúc an thần,An thần,1,38600.0,9500,9500,0.16,6176.0,22924.0,59.4
ORD01296,2026-08-15,Shopee,SKU006,Trà hoa đậu biếc,An thần,2,69400.0,8800,17600,0.13,9022.0,42778.0,61.6
ORD01297,2026-08-15,Shopee,SKU008,Trà mâm xôi vitamin,Bổ sung dưỡng chất,1,35700.0,9800,9800,0.13,4641.0,21259.0,59.5
ORD01298,2026-08-15,TikTok Shop,SKU002,Trà lá nam sen ổi,Thanh lọc,1,31400.0,8500,8500,0.16,5024.0,17876.0,56.9
ORD01299,2026-08-15,Đại lý,SKU001,Trà atiso thanh lọc,Thanh lọc,1,35400.0,9000,9000,0.0,0.0,26400.0,74.6
ORD01300,2026-08-15,Shopee,SKU001,Trà atiso thanh lọc,Thanh lọc,1,35600.0,9000,9000,0.13,4628.0,21972.0,61.7
ORD01301,2026-08-15,Shopee,SKU004,Trà cà leo gai giảm cân,Detox,2,110200.0,15000,30000,0.13,14326.0,65874.0,59.8
ORD01302,2026-08-15,Zalo/Fanpage,SKU006,Trà hoa đậu biếc,An thần,3,96900.0,8800,26400,0.0,0.0,70500.0,72.8
ORD01303,2026-08-15,Zalo/Fanpage,SKU001,Trà atiso thanh lọc,Thanh lọc,1,32300.0,9000,9000,0.0,0.0,23300.0,72.1
ORD01304,2026-08-15,Đại lý,SKU006,Trà hoa đậu biếc,An thần,2,66800.0,8800,17600,0.0,0.0,49200.0,73.7
ORD01305,2026-08-15,Shopee,SKU003,Trà diếp cá rau má,Detox,3,116300.0,10500,31500,0.13,15119.0,69681.0,59.9
ORD01306,2026-08-15,Shopee,SKU006,Trà hoa đậu biếc,An thần,1,33200.0,8800,8800,0.13,4316.0,20084.0,60.5
ORD01307,2026-08-15,TikTok Shop,SKU006,Trà hoa đậu biếc,An thần,1,32000.0,8800,8800,0.16,5120.0,18080.0,56.5
ORD01308,2026-08-15,Shopee,SKU004,Trà cà leo gai giảm cân,Detox,1,51800.0,15000,15000,0.13,6734.0,30066.0,58.0
ORD01309,2026-08-16,Shopee,SKU008,Trà mâm xôi vitamin,Bổ sung dưỡng chất,1,36900.0,9800,9800,0.13,4797.0,22303.0,60.4
ORD01310,2026-08-16,Shopee,SKU005,Trà hoa cúc an thần,An thần,1,38100.0,9500,9500,0.13,4953.0,23647.0,62.1
ORD01311,2026-08-16,Shopee,SKU008,Trà mâm xôi vitamin,Bổ sung dưỡng chất,2,73100.0,9800,19600,0.13,9503.0,43997.0,60.2
ORD01312,2026-08-16,TikTok Shop,SKU003,Trà diếp cá rau má,Detox,2,85500.0,10500,21000,0.16,13680.0,50820.0,59.4
ORD01313,2026-08-16,Shopee,SKU006,Trà hoa đậu biếc,An thần,2,68100.0,8800,17600,0.13,8853.0,41647.0,61.2
ORD01314,2026-08-16,Shopee,SKU003,Trà diếp cá rau má,Detox,2,86000.0,10500,21000,0.13,11180.0,53820.0,62.6
ORD01315,2026-08-16,TikTok Shop,SKU004,Trà cà leo gai giảm cân,Detox,3,167700.0,15000,45000,0.16,26832.0,95868.0,57.2
ORD01316,2026-08-16,Zalo/Fanpage,SKU005,Trà hoa cúc an thần,An thần,2,73700.0,9500,19000,0.0,0.0,54700.0,74.2
ORD01317,2026-08-16,Zalo/Fanpage,SKU008,Trà mâm xôi vitamin,Bổ sung dưỡng chất,1,35200.0,9800,9800,0.0,0.0,25400.0,72.2
ORD01318,2026-08-16,Shopee,SKU006,Trà hoa đậu biếc,An thần,2,65500.0,8800,17600,0.13,8515.0,39385.0,60.1
ORD01319,2026-08-16,Zalo/Fanpage,SKU008,Trà mâm xôi vitamin,Bổ sung dưỡng chất,1,34300.0,9800,9800,0.0,0.0,24500.0,71.4
ORD01320,2026-08-16,Shopee,SKU003,Trà diếp cá rau má,Detox,1,40800.0,10500,10500,0.13,5304.0,24996.0,61.3
ORD01321,2026-08-16,Shopee,SKU005,Trà hoa cúc an thần,An thần,1,37800.0,9500,9500,0.13,4914.0,23386.0,61.9
ORD01322,2026-08-16,Đại lý,SKU005,Trà hoa cúc an thần,An thần,3,110500.0,9500,28500,0.0,0.0,82000.0,74.2
ORD01323,2026-08-16,Zalo/Fanpage,SKU001,Trà atiso thanh lọc,Thanh lọc,2,71600.0,9000,18000,0.0,0.0,53600.0,74.9
ORD01324,2026-08-17,TikTok Shop,SKU003,Trà diếp cá rau má,Detox,1,40700.0,10500,10500,0.16,6512.0,23688.0,58.2
ORD01325,2026-08-17,Shopee,SKU004,Trà cà leo gai giảm cân,Detox,3,168100.0,15000,45000,0.13,21853.0,101247.0,60.2
ORD01326,2026-08-17,Zalo/Fanpage,SKU001,Trà atiso thanh lọc,Thanh lọc,1,34900.0,9000,9000,0.0,0.0,25900.0,74.2
ORD01327,2026-08-17,Đại lý,SKU007,Trà gừng mật ong,Giữ ấm,3,120100.0,11000,33000,0.0,0.0,87100.0,72.5
ORD01328,2026-08-17,Shopee,SKU006,Trà hoa đậu biếc,An thần,3,97900.0,8800,26400,0.13,12727.0,58773.0,60.0
ORD01329,2026-08-17,TikTok Shop,SKU003,Trà diếp cá rau má,Detox,2,82900.0,10500,21000,0.16,13264.0,48636.0,58.7
ORD01330,2026-08-17,Shopee,SKU004,Trà cà leo gai giảm cân,Detox,1,55200.0,15000,15000,0.13,7176.0,33024.0,59.8
ORD01331,2026-08-17,Đại lý,SKU005,Trà hoa cúc an thần,An thần,3,115700.0,9500,28500,0.0,0.0,87200.0,75.4
ORD01332,2026-08-17,Shopee,SKU002,Trà lá nam sen ổi,Thanh lọc,3,88900.0,8500,25500,0.13,11557.0,51843.0,58.3
ORD01333,2026-08-17,Shopee,SKU006,Trà hoa đậu biếc,An thần,2,64700.0,8800,17600,0.13,8411.0,38689.0,59.8
ORD01334,2026-08-17,Shopee,SKU007,Trà gừng mật ong,Giữ ấm,1,36800.0,11000,11000,0.13,4784.0,21016.0,57.1
ORD01335,2026-08-17,Zalo/Fanpage,SKU001,Trà atiso thanh lọc,Thanh lọc,2,71000.0,9000,18000,0.0,0.0,53000.0,74.6
ORD01336,2026-08-17,TikTok Shop,SKU001,Trà atiso thanh lọc,Thanh lọc,2,66200.0,9000,18000,0.16,10592.0,37608.0,56.8
ORD01337,2026-08-17,TikTok Shop,SKU004,Trà cà leo gai giảm cân,Detox,2,106500.0,15000,30000,0.16,17040.0,59460.0,55.8
ORD01338,2026-08-17,TikTok Shop,SKU001,Trà atiso thanh lọc,Thanh lọc,2,66500.0,9000,18000,0.16,10640.0,37860.0,56.9
ORD01339,2026-08-17,TikTok Shop,SKU007,Trà gừng mật ong,Giữ ấm,1,37000.0,11000,11000,0.16,5920.0,20080.0,54.3
ORD01340,2026-08-17,Shopee,SKU005,Trà hoa cúc an thần,An thần,1,35600.0,9500,9500,0.13,4628.0,21472.0,60.3
ORD01341,2026-08-17,Shopee,SKU004,Trà cà leo gai giảm cân,Detox,2,104800.0,15000,30000,0.13,13624.0,61176.0,58.4
ORD01342,2026-08-17,Đại lý,SKU001,Trà atiso thanh lọc,Thanh lọc,2,72100.0,9000,18000,0.0,0.0,54100.0,75.0
ORD01343,2026-08-17,Shopee,SKU003,Trà diếp cá rau má,Detox,3,125500.0,10500,31500,0.13,16315.0,77685.0,61.9
ORD01344,2026-08-17,TikTok Shop,SKU006,Trà hoa đậu biếc,An thần,1,34900.0,8800,8800,0.16,5584.0,20516.0,58.8
ORD01345,2026-08-18,TikTok Shop,SKU008,Trà mâm xôi vitamin,Bổ sung dưỡng chất,1,36200.0,9800,9800,0.16,5792.0,20608.0,56.9
ORD01346,2026-08-18,Shopee,SKU007,Trà gừng mật ong,Giữ ấm,1,40100.0,11000,11000,0.13,5213.0,23887.0,59.6
ORD01347,2026-08-18,Zalo/Fanpage,SKU001,Trà atiso thanh lọc,Thanh lọc,2,65400.0,9000,18000,0.0,0.0,47400.0,72.5
ORD01348,2026-08-18,TikTok Shop,SKU003,Trà diếp cá rau má,Detox,2,81100.0,10500,21000,0.16,12976.0,47124.0,58.1
ORD01349,2026-08-18,Shopee,SKU003,Trà diếp cá rau má,Detox,1,39100.0,10500,10500,0.13,5083.0,23517.0,60.1
ORD01350,2026-08-18,Zalo/Fanpage,SKU006,Trà hoa đậu biếc,An thần,1,33100.0,8800,8800,0.0,0.0,24300.0,73.4
ORD01351,2026-08-18,TikTok Shop,SKU008,Trà mâm xôi vitamin,Bổ sung dưỡng chất,3,102800.0,9800,29400,0.16,16448.0,56952.0,55.4
ORD01352,2026-08-18,TikTok Shop,SKU003,Trà diếp cá rau má,Detox,2,82600.0,10500,21000,0.16,13216.0,48384.0,58.6
ORD01353,2026-08-18,TikTok Shop,SKU008,Trà mâm xôi vitamin,Bổ sung dưỡng chất,2,70700.0,9800,19600,0.16,11312.0,39788.0,56.3
ORD01354,2026-08-18,TikTok Shop,SKU005,Trà hoa cúc an thần,An thần,2,76700.0,9500,19000,0.16,12272.0,45428.0,59.2
ORD01355,2026-08-18,Zalo/Fanpage,SKU002,Trà lá nam sen ổi,Thanh lọc,1,32900.0,8500,8500,0.0,0.0,24400.0,74.2
ORD01356,2026-08-18,Shopee,SKU001,Trà atiso thanh lọc,Thanh lọc,3,105800.0,9000,27000,0.13,13754.0,65046.0,61.5
ORD01357,2026-08-18,Zalo/Fanpage,SKU002,Trà lá nam sen ổi,Thanh lọc,2,65900.0,8500,17000,0.0,0.0,48900.0,74.2
ORD01358,2026-08-18,Shopee,SKU003,Trà diếp cá rau má,Detox,2,84700.0,10500,21000,0.13,11011.0,52689.0,62.2
ORD01359,2026-08-18,Shopee,SKU005,Trà hoa cúc an thần,An thần,3,108400.0,9500,28500,0.13,14092.0,65808.0,60.7
ORD01360,2026-08-18,Zalo/Fanpage,SKU003,Trà diếp cá rau má,Detox,2,82400.0,10500,21000,0.0,0.0,61400.0,74.5
ORD01361,2026-08-18,Zalo/Fanpage,SKU001,Trà atiso thanh lọc,Thanh lọc,1,33500.0,9000,9000,0.0,0.0,24500.0,73.1
ORD01362,2026-08-18,Zalo/Fanpage,SKU006,Trà hoa đậu biếc,An thần,1,34400.0,8800,8800,0.0,0.0,25600.0,74.4
ORD01363,2026-08-18,Shopee,SKU007,Trà gừng mật ong,Giữ ấm,3,116700.0,11000,33000,0.13,15171.0,68529.0,58.7
ORD01364,2026-08-18,TikTok Shop,SKU001,Trà atiso thanh lọc,Thanh lọc,1,34100.0,9000,9000,0.16,5456.0,19644.0,57.6
ORD01365,2026-08-18,TikTok Shop,SKU007,Trà gừng mật ong,Giữ ấm,2,81500.0,11000,22000,0.16,13040.0,46460.0,57.0
ORD01366,2026-08-19,Zalo/Fanpage,SKU004,Trà cà leo gai giảm cân,Detox,3,152800.0,15000,45000,0.0,0.0,107800.0,70.5
ORD01367,2026-08-19,TikTok Shop,SKU004,Trà cà leo gai giảm cân,Detox,3,157500.0,15000,45000,0.16,25200.0,87300.0,55.4
ORD01368,2026-08-19,TikTok Shop,SKU003,Trà diếp cá rau má,Detox,3,120500.0,10500,31500,0.16,19280.0,69720.0,57.9
ORD01369,2026-08-19,Đại lý,SKU007,Trà gừng mật ong,Giữ ấm,1,41100.0,11000,11000,0.0,0.0,30100.0,73.2
ORD01370,2026-08-19,Shopee,SKU001,Trà atiso thanh lọc,Thanh lọc,2,69200.0,9000,18000,0.13,8996.0,42204.0,61.0
ORD01371,2026-08-19,Zalo/Fanpage,SKU005,Trà hoa cúc an thần,An thần,2,71500.0,9500,19000,0.0,0.0,52500.0,73.4
ORD01372,2026-08-19,Shopee,SKU006,Trà hoa đậu biếc,An thần,1,33900.0,8800,8800,0.13,4407.0,20693.0,61.0
ORD01373,2026-08-19,Shopee,SKU001,Trà atiso thanh lọc,Thanh lọc,2,65100.0,9000,18000,0.13,8463.0,38637.0,59.4
ORD01374,2026-08-19,Zalo/Fanpage,SKU004,Trà cà leo gai giảm cân,Detox,1,51900.0,15000,15000,0.0,0.0,36900.0,71.1
ORD01375,2026-08-19,Shopee,SKU002,Trà lá nam sen ổi,Thanh lọc,1,32200.0,8500,8500,0.13,4186.0,19514.0,60.6
ORD01376,2026-08-19,Đại lý,SKU005,Trà hoa cúc an thần,An thần,1,38300.0,9500,9500,0.0,0.0,28800.0,75.2
ORD01377,2026-08-19,Đại lý,SKU002,Trà lá nam sen ổi,Thanh lọc,1,32700.0,8500,8500,0.0,0.0,24200.0,74.0
ORD01378,2026-08-19,Zalo/Fanpage,SKU005,Trà hoa cúc an thần,An thần,1,35600.0,9500,9500,0.0,0.0,26100.0,73.3
ORD01379,2026-08-19,Zalo/Fanpage,SKU007,Trà gừng mật ong,Giữ ấm,2,79600.0,11000,22000,0.0,0.0,57600.0,72.4
ORD01380,2026-08-19,Shopee,SKU006,Trà hoa đậu biếc,An thần,2,65500.0,8800,17600,0.13,8515.0,39385.0,60.1
ORD01381,2026-08-19,Zalo/Fanpage,SKU001,Trà atiso thanh lọc,Thanh lọc,1,35800.0,9000,9000,0.0,0.0,26800.0,74.9
ORD01382,2026-08-19,TikTok Shop,SKU004,Trà cà leo gai giảm cân,Detox,1,52600.0,15000,15000,0.16,8416.0,29184.0,55.5
ORD01383,2026-08-20,Shopee,SKU006,Trà hoa đậu biếc,An thần,3,97300.0,8800,26400,0.13,12649.0,58251.0,59.9
ORD01384,2026-08-20,TikTok Shop,SKU003,Trà diếp cá rau má,Detox,1,40100.0,10500,10500,0.16,6416.0,23184.0,57.8
ORD01385,2026-08-20,Shopee,SKU003,Trà diếp cá rau má,Detox,1,42200.0,10500,10500,0.13,5486.0,26214.0,62.1
ORD01386,2026-08-20,TikTok Shop,SKU003,Trà diếp cá rau má,Detox,1,39900.0,10500,10500,0.16,6384.0,23016.0,57.7
ORD01387,2026-08-20,Shopee,SKU005,Trà hoa cúc an thần,An thần,2,70800.0,9500,19000,0.13,9204.0,42596.0,60.2
ORD01388,2026-08-20,TikTok Shop,SKU004,Trà cà leo gai giảm cân,Detox,1,51500.0,15000,15000,0.16,8240.0,28260.0,54.9
ORD01389,2026-08-20,Zalo/Fanpage,SKU002,Trà lá nam sen ổi,Thanh lọc,1,30000.0,8500,8500,0.0,0.0,21500.0,71.7
ORD01390,2026-08-20,Shopee,SKU007,Trà gừng mật ong,Giữ ấm,2,77500.0,11000,22000,0.13,10075.0,45425.0,58.6
ORD01391,2026-08-20,Shopee,SKU004,Trà cà leo gai giảm cân,Detox,3,152700.0,15000,45000,0.13,19851.0,87849.0,57.5
ORD01392,2026-08-20,Shopee,SKU001,Trà atiso thanh lọc,Thanh lọc,2,65800.0,9000,18000,0.13,8554.0,39246.0,59.6
ORD01393,2026-08-21,Zalo/Fanpage,SKU006,Trà hoa đậu biếc,An thần,3,101700.0,8800,26400,0.0,0.0,75300.0,74.0
ORD01394,2026-08-21,TikTok Shop,SKU003,Trà diếp cá rau má,Detox,1,41900.0,10500,10500,0.16,6704.0,24696.0,58.9
ORD01395,2026-08-21,TikTok Shop,SKU004,Trà cà leo gai giảm cân,Detox,2,108100.0,15000,30000,0.16,17296.0,60804.0,56.2
ORD01396,2026-08-21,Shopee,SKU007,Trà gừng mật ong,Giữ ấm,3,116600.0,11000,33000,0.13,15158.0,68442.0,58.7
ORD01397,2026-08-21,TikTok Shop,SKU005,Trà hoa cúc an thần,An thần,3,114500.0,9500,28500,0.16,18320.0,67680.0,59.1
ORD01398,2026-08-21,TikTok Shop,SKU008,Trà mâm xôi vitamin,Bổ sung dưỡng chất,1,36500.0,9800,9800,0.16,5840.0,20860.0,57.2
ORD01399,2026-08-21,TikTok Shop,SKU008,Trà mâm xôi vitamin,Bổ sung dưỡng chất,2,67700.0,9800,19600,0.16,10832.0,37268.0,55.0
ORD01400,2026-08-21,Đại lý,SKU003,Trà diếp cá rau má,Detox,1,40700.0,10500,10500,0.0,0.0,30200.0,74.2
ORD01401,2026-08-21,Shopee,SKU004,Trà cà leo gai giảm cân,Detox,1,53500.0,15000,15000,0.13,6955.0,31545.0,59.0
ORD01402,2026-08-21,Zalo/Fanpage,SKU002,Trà lá nam sen ổi,Thanh lọc,1,31600.0,8500,8500,0.0,0.0,23100.0,73.1
ORD01403,2026-08-21,Shopee,SKU002,Trà lá nam sen ổi,Thanh lọc,3,96700.0,8500,25500,0.13,12571.0,58629.0,60.6
ORD01404,2026-08-21,Shopee,SKU005,Trà hoa cúc an thần,An thần,1,37200.0,9500,9500,0.13,4836.0,22864.0,61.5
ORD01405,2026-08-21,Shopee,SKU004,Trà cà leo gai giảm cân,Detox,2,104100.0,15000,30000,0.13,13533.0,60567.0,58.2
ORD01406,2026-08-21,Shopee,SKU004,Trà cà leo gai giảm cân,Detox,1,52700.0,15000,15000,0.13,6851.0,30849.0,58.5
ORD01407,2026-08-21,Zalo/Fanpage,SKU006,Trà hoa đậu biếc,An thần,2,66800.0,8800,17600,0.0,0.0,49200.0,73.7
ORD01408,2026-08-21,Shopee,SKU005,Trà hoa cúc an thần,An thần,1,37700.0,9500,9500,0.13,4901.0,23299.0,61.8
ORD01409,2026-08-21,Shopee,SKU008,Trà mâm xôi vitamin,Bổ sung dưỡng chất,2,72900.0,9800,19600,0.13,9477.0,43823.0,60.1
ORD01410,2026-08-21,Shopee,SKU004,Trà cà leo gai giảm cân,Detox,1,54000.0,15000,15000,0.13,7020.0,31980.0,59.2
ORD01411,2026-08-21,Zalo/Fanpage,SKU002,Trà lá nam sen ổi,Thanh lọc,2,59400.0,8500,17000,0.0,0.0,42400.0,71.4
ORD01412,2026-08-22,TikTok Shop,SKU004,Trà cà leo gai giảm cân,Detox,2,105200.0,15000,30000,0.16,16832.0,58368.0,55.5
ORD01413,2026-08-22,TikTok Shop,SKU001,Trà atiso thanh lọc,Thanh lọc,1,35300.0,9000,9000,0.16,5648.0,20652.0,58.5
ORD01414,2026-08-22,Zalo/Fanpage,SKU008,Trà mâm xôi vitamin,Bổ sung dưỡng chất,3,109000.0,9800,29400,0.0,0.0,79600.0,73.0
ORD01415,2026-08-22,Zalo/Fanpage,SKU006,Trà hoa đậu biếc,An thần,2,66500.0,8800,17600,0.0,0.0,48900.0,73.5
ORD01416,2026-08-22,Shopee,SKU004,Trà cà leo gai giảm cân,Detox,1,51800.0,15000,15000,0.13,6734.0,30066.0,58.0
ORD01417,2026-08-22,Zalo/Fanpage,SKU003,Trà diếp cá rau má,Detox,3,120100.0,10500,31500,0.0,0.0,88600.0,73.8
ORD01418,2026-08-22,Đại lý,SKU005,Trà hoa cúc an thần,An thần,1,39100.0,9500,9500,0.0,0.0,29600.0,75.7
ORD01419,2026-08-22,TikTok Shop,SKU005,Trà hoa cúc an thần,An thần,2,73300.0,9500,19000,0.16,11728.0,42572.0,58.1
ORD01420,2026-08-22,Shopee,SKU003,Trà diếp cá rau má,Detox,1,42800.0,10500,10500,0.13,5564.0,26736.0,62.5
ORD01421,2026-08-22,Đại lý,SKU001,Trà atiso thanh lọc,Thanh lọc,2,70700.0,9000,18000,0.0,0.0,52700.0,74.5
ORD01422,2026-08-22,Shopee,SKU007,Trà gừng mật ong,Giữ ấm,1,37800.0,11000,11000,0.13,4914.0,21886.0,57.9
ORD01423,2026-08-22,Zalo/Fanpage,SKU004,Trà cà leo gai giảm cân,Detox,1,54900.0,15000,15000,0.0,0.0,39900.0,72.7
ORD01424,2026-08-22,Shopee,SKU004,Trà cà leo gai giảm cân,Detox,1,54600.0,15000,15000,0.13,7098.0,32502.0,59.5
ORD01425,2026-08-22,TikTok Shop,SKU002,Trà lá nam sen ổi,Thanh lọc,2,64800.0,8500,17000,0.16,10368.0,37432.0,57.8
ORD01426,2026-08-22,Shopee,SKU004,Trà cà leo gai giảm cân,Detox,1,56600.0,15000,15000,0.13,7358.0,34242.0,60.5
ORD01427,2026-08-22,TikTok Shop,SKU002,Trà lá nam sen ổi,Thanh lọc,1,31700.0,8500,8500,0.16,5072.0,18128.0,57.2
ORD01428,2026-08-23,Zalo/Fanpage,SKU005,Trà hoa cúc an thần,An thần,2,78100.0,9500,19000,0.0,0.0,59100.0,75.7
ORD01429,2026-08-23,Shopee,SKU002,Trà lá nam sen ổi,Thanh lọc,2,64900.0,8500,17000,0.13,8437.0,39463.0,60.8
ORD01430,2026-08-23,Zalo/Fanpage,SKU006,Trà hoa đậu biếc,An thần,2,67200.0,8800,17600,0.0,0.0,49600.0,73.8
ORD01431,2026-08-23,TikTok Shop,SKU004,Trà cà leo gai giảm cân,Detox,2,105900.0,15000,30000,0.16,16944.0,58956.0,55.7
ORD01432,2026-08-23,Shopee,SKU004,Trà cà leo gai giảm cân,Detox,1,54100.0,15000,15000,0.13,7033.0,32067.0,59.3
ORD01433,2026-08-23,Zalo/Fanpage,SKU002,Trà lá nam sen ổi,Thanh lọc,2,60800.0,8500,17000,0.0,0.0,43800.0,72.0
ORD01434,2026-08-23,Đại lý,SKU006,Trà hoa đậu biếc,An thần,1,34900.0,8800,8800,0.0,0.0,26100.0,74.8
ORD01435,2026-08-23,TikTok Shop,SKU006,Trà hoa đậu biếc,An thần,1,33500.0,8800,8800,0.16,5360.0,19340.0,57.7
ORD01436,2026-08-23,Đại lý,SKU001,Trà atiso thanh lọc,Thanh lọc,3,105000.0,9000,27000,0.0,0.0,78000.0,74.3
ORD01437,2026-08-23,Đại lý,SKU008,Trà mâm xôi vitamin,Bổ sung dưỡng chất,1,35000.0,9800,9800,0.0,0.0,25200.0,72.0
ORD01438,2026-08-23,Shopee,SKU007,Trà gừng mật ong,Giữ ấm,1,37900.0,11000,11000,0.13,4927.0,21973.0,58.0
ORD01439,2026-08-23,TikTok Shop,SKU005,Trà hoa cúc an thần,An thần,3,105900.0,9500,28500,0.16,16944.0,60456.0,57.1
ORD01440,2026-08-23,TikTok Shop,SKU006,Trà hoa đậu biếc,An thần,1,33600.0,8800,8800,0.16,5376.0,19424.0,57.8
ORD01441,2026-08-23,Đại lý,SKU005,Trà hoa cúc an thần,An thần,1,36900.0,9500,9500,0.0,0.0,27400.0,74.3
ORD01442,2026-08-23,TikTok Shop,SKU004,Trà cà leo gai giảm cân,Detox,3,157800.0,15000,45000,0.16,25248.0,87552.0,55.5
ORD01443,2026-08-23,Shopee,SKU008,Trà mâm xôi vitamin,Bổ sung dưỡng chất,1,34300.0,9800,9800,0.13,4459.0,20041.0,58.4
ORD01444,2026-08-23,Shopee,SKU008,Trà mâm xôi vitamin,Bổ sung dưỡng chất,3,103000.0,9800,29400,0.13,13390.0,60210.0,58.5
ORD01445,2026-08-24,TikTok Shop,SKU001,Trà atiso thanh lọc,Thanh lọc,2,68900.0,9000,18000,0.16,11024.0,39876.0,57.9
ORD01446,2026-08-24,TikTok Shop,SKU005,Trà hoa cúc an thần,An thần,1,38300.0,9500,9500,0.16,6128.0,22672.0,59.2
ORD01447,2026-08-24,TikTok Shop,SKU003,Trà diếp cá rau má,Detox,1,39200.0,10500,10500,0.16,6272.0,22428.0,57.2
ORD01448,2026-08-24,Shopee,SKU006,Trà hoa đậu biếc,An thần,1,31800.0,8800,8800,0.13,4134.0,18866.0,59.3
ORD01449,2026-08-24,Shopee,SKU007,Trà gừng mật ong,Giữ ấm,1,40100.0,11000,11000,0.13,5213.0,23887.0,59.6
ORD01450,2026-08-24,TikTok Shop,SKU008,Trà mâm xôi vitamin,Bổ sung dưỡng chất,3,101200.0,9800,29400,0.16,16192.0,55608.0,54.9
ORD01451,2026-08-24,Shopee,SKU007,Trà gừng mật ong,Giữ ấm,1,40200.0,11000,11000,0.13,5226.0,23974.0,59.6
ORD01452,2026-08-24,Shopee,SKU002,Trà lá nam sen ổi,Thanh lọc,2,64900.0,8500,17000,0.13,8437.0,39463.0,60.8
ORD01453,2026-08-24,Shopee,SKU001,Trà atiso thanh lọc,Thanh lọc,1,34500.0,9000,9000,0.13,4485.0,21015.0,60.9
ORD01454,2026-08-24,Zalo/Fanpage,SKU007,Trà gừng mật ong,Giữ ấm,2,80400.0,11000,22000,0.0,0.0,58400.0,72.6
ORD01455,2026-08-24,Shopee,SKU004,Trà cà leo gai giảm cân,Detox,3,154800.0,15000,45000,0.13,20124.0,89676.0,57.9
ORD01456,2026-08-24,TikTok Shop,SKU007,Trà gừng mật ong,Giữ ấm,1,39600.0,11000,11000,0.16,6336.0,22264.0,56.2
ORD01457,2026-08-24,Zalo/Fanpage,SKU001,Trà atiso thanh lọc,Thanh lọc,1,34000.0,9000,9000,0.0,0.0,25000.0,73.5
ORD01458,2026-08-24,TikTok Shop,SKU004,Trà cà leo gai giảm cân,Detox,2,104000.0,15000,30000,0.16,16640.0,57360.0,55.2
ORD01459,2026-08-24,TikTok Shop,SKU003,Trà diếp cá rau má,Detox,1,39300.0,10500,10500,0.16,6288.0,22512.0,57.3
ORD01460,2026-08-24,Zalo/Fanpage,SKU001,Trà atiso thanh lọc,Thanh lọc,2,67300.0,9000,18000,0.0,0.0,49300.0,73.3
ORD01461,2026-08-24,Shopee,SKU004,Trà cà leo gai giảm cân,Detox,1,51200.0,15000,15000,0.13,6656.0,29544.0,57.7
ORD01462,2026-08-24,TikTok Shop,SKU003,Trà diếp cá rau má,Detox,2,82900.0,10500,21000,0.16,13264.0,48636.0,58.7
ORD01463,2026-08-24,TikTok Shop,SKU003,Trà diếp cá rau má,Detox,1,39900.0,10500,10500,0.16,6384.0,23016.0,57.7
ORD01464,2026-08-24,Shopee,SKU005,Trà hoa cúc an thần,An thần,2,73800.0,9500,19000,0.13,9594.0,45206.0,61.3
ORD01465,2026-08-24,TikTok Shop,SKU003,Trà diếp cá rau má,Detox,3,124100.0,10500,31500,0.16,19856.0,72744.0,58.6
ORD01466,2026-08-24,Shopee,SKU003,Trà diếp cá rau má,Detox,3,129700.0,10500,31500,0.13,16861.0,81339.0,62.7
ORD01467,2026-08-25,TikTok Shop,SKU005,Trà hoa cúc an thần,An thần,1,35000.0,9500,9500,0.16,5600.0,19900.0,56.9
ORD01468,2026-08-25,Shopee,SKU002,Trà lá nam sen ổi,Thanh lọc,2,61400.0,8500,17000,0.13,7982.0,36418.0,59.3
ORD01469,2026-08-25,Zalo/Fanpage,SKU002,Trà lá nam sen ổi,Thanh lọc,1,29500.0,8500,8500,0.0,0.0,21000.0,71.2
ORD01470,2026-08-25,Shopee,SKU008,Trà mâm xôi vitamin,Bổ sung dưỡng chất,3,110000.0,9800,29400,0.13,14300.0,66300.0,60.3
ORD01471,2026-08-25,Shopee,SKU004,Trà cà leo gai giảm cân,Detox,1,54900.0,15000,15000,0.13,7137.0,32763.0,59.7
ORD01472,2026-08-25,Shopee,SKU007,Trà gừng mật ong,Giữ ấm,1,38500.0,11000,11000,0.13,5005.0,22495.0,58.4
ORD01473,2026-08-25,Zalo/Fanpage,SKU006,Trà hoa đậu biếc,An thần,1,34600.0,8800,8800,0.0,0.0,25800.0,74.6
ORD01474,2026-08-25,TikTok Shop,SKU003,Trà diếp cá rau má,Detox,2,83400.0,10500,21000,0.16,13344.0,49056.0,58.8
ORD01475,2026-08-25,Shopee,SKU004,Trà cà leo gai giảm cân,Detox,1,55300.0,15000,15000,0.13,7189.0,33111.0,59.9
ORD01476,2026-08-25,TikTok Shop,SKU005,Trà hoa cúc an thần,An thần,1,36000.0,9500,9500,0.16,5760.0,20740.0,57.6
ORD01477,2026-08-25,Zalo/Fanpage,SKU002,Trà lá nam sen ổi,Thanh lọc,1,30800.0,8500,8500,0.0,0.0,22300.0,72.4
ORD01478,2026-08-25,Shopee,SKU001,Trà atiso thanh lọc,Thanh lọc,1,32900.0,9000,9000,0.13,4277.0,19623.0,59.6
ORD01479,2026-08-25,Shopee,SKU008,Trà mâm xôi vitamin,Bổ sung dưỡng chất,1,35500.0,9800,9800,0.13,4615.0,21085.0,59.4
ORD01480,2026-08-25,Shopee,SKU004,Trà cà leo gai giảm cân,Detox,1,53900.0,15000,15000,0.13,7007.0,31893.0,59.2
ORD01481,2026-08-25,Shopee,SKU005,Trà hoa cúc an thần,An thần,1,38800.0,9500,9500,0.13,5044.0,24256.0,62.5
ORD01482,2026-08-26,Shopee,SKU001,Trà atiso thanh lọc,Thanh lọc,1,34400.0,9000,9000,0.13,4472.0,20928.0,60.8
ORD01483,2026-08-26,Shopee,SKU004,Trà cà leo gai giảm cân,Detox,2,103000.0,15000,30000,0.13,13390.0,59610.0,57.9
ORD01484,2026-08-26,TikTok Shop,SKU008,Trà mâm xôi vitamin,Bổ sung dưỡng chất,3,104000.0,9800,29400,0.16,16640.0,57960.0,55.7
ORD01485,2026-08-26,Shopee,SKU003,Trà diếp cá rau má,Detox,2,82600.0,10500,21000,0.13,10738.0,50862.0,61.6
ORD01486,2026-08-26,TikTok Shop,SKU008,Trà mâm xôi vitamin,Bổ sung dưỡng chất,2,70000.0,9800,19600,0.16,11200.0,39200.0,56.0
ORD01487,2026-08-26,Shopee,SKU006,Trà hoa đậu biếc,An thần,1,33300.0,8800,8800,0.13,4329.0,20171.0,60.6
ORD01488,2026-08-26,Shopee,SKU008,Trà mâm xôi vitamin,Bổ sung dưỡng chất,2,67200.0,9800,19600,0.13,8736.0,38864.0,57.8
ORD01489,2026-08-26,TikTok Shop,SKU008,Trà mâm xôi vitamin,Bổ sung dưỡng chất,1,35800.0,9800,9800,0.16,5728.0,20272.0,56.6
ORD01490,2026-08-26,Shopee,SKU005,Trà hoa cúc an thần,An thần,3,106000.0,9500,28500,0.13,13780.0,63720.0,60.1
ORD01491,2026-08-26,TikTok Shop,SKU008,Trà mâm xôi vitamin,Bổ sung dưỡng chất,1,36500.0,9800,9800,0.16,5840.0,20860.0,57.2
ORD01492,2026-08-26,Zalo/Fanpage,SKU003,Trà diếp cá rau má,Detox,1,39500.0,10500,10500,0.0,0.0,29000.0,73.4
ORD01493,2026-08-26,Shopee,SKU003,Trà diếp cá rau má,Detox,1,40000.0,10500,10500,0.13,5200.0,24300.0,60.8
ORD01494,2026-08-26,Shopee,SKU002,Trà lá nam sen ổi,Thanh lọc,3,92100.0,8500,25500,0.13,11973.0,54627.0,59.3
ORD01495,2026-08-26,Shopee,SKU005,Trà hoa cúc an thần,An thần,3,107300.0,9500,28500,0.13,13949.0,64851.0,60.4
ORD01496,2026-08-26,Shopee,SKU001,Trà atiso thanh lọc,Thanh lọc,2,66200.0,9000,18000,0.13,8606.0,39594.0,59.8
ORD01497,2026-08-26,Shopee,SKU006,Trà hoa đậu biếc,An thần,3,97300.0,8800,26400,0.13,12649.0,58251.0,59.9
ORD01498,2026-08-26,TikTok Shop,SKU007,Trà gừng mật ong,Giữ ấm,2,82100.0,11000,22000,0.16,13136.0,46964.0,57.2
ORD01499,2026-08-26,Shopee,SKU003,Trà diếp cá rau má,Detox,1,42300.0,10500,10500,0.13,5499.0,26301.0,62.2
ORD01500,2026-08-26,Shopee,SKU002,Trà lá nam sen ổi,Thanh lọc,3,95400.0,8500,25500,0.13,12402.0,57498.0,60.3
ORD01501,2026-08-26,TikTok Shop,SKU005,Trà hoa cúc an thần,An thần,2,71200.0,9500,19000,0.16,11392.0,40808.0,57.3
ORD01502,2026-08-26,TikTok Shop,SKU008,Trà mâm xôi vitamin,Bổ sung dưỡng chất,1,36000.0,9800,9800,0.16,5760.0,20440.0,56.8
ORD01503,2026-08-27,TikTok Shop,SKU004,Trà cà leo gai giảm cân,Detox,2,101800.0,15000,30000,0.16,16288.0,55512.0,54.5
ORD01504,2026-08-27,Zalo/Fanpage,SKU001,Trà atiso thanh lọc,Thanh lọc,1,34600.0,9000,9000,0.0,0.0,25600.0,74.0
ORD01505,2026-08-27,Đại lý,SKU007,Trà gừng mật ong,Giữ ấm,1,38800.0,11000,11000,0.0,0.0,27800.0,71.6
ORD01506,2026-08-27,Shopee,SKU004,Trà cà leo gai giảm cân,Detox,1,51300.0,15000,15000,0.13,6669.0,29631.0,57.8
ORD01507,2026-08-27,TikTok Shop,SKU005,Trà hoa cúc an thần,An thần,1,38300.0,9500,9500,0.16,6128.0,22672.0,59.2
ORD01508,2026-08-27,Shopee,SKU007,Trà gừng mật ong,Giữ ấm,3,119400.0,11000,33000,0.13,15522.0,70878.0,59.4
ORD01509,2026-08-27,Shopee,SKU008,Trà mâm xôi vitamin,Bổ sung dưỡng chất,2,70600.0,9800,19600,0.13,9178.0,41822.0,59.2
ORD01510,2026-08-27,Shopee,SKU008,Trà mâm xôi vitamin,Bổ sung dưỡng chất,1,36100.0,9800,9800,0.13,4693.0,21607.0,59.9
ORD01511,2026-08-27,TikTok Shop,SKU003,Trà diếp cá rau má,Detox,1,39900.0,10500,10500,0.16,6384.0,23016.0,57.7
ORD01512,2026-08-27,Zalo/Fanpage,SKU002,Trà lá nam sen ổi,Thanh lọc,1,31400.0,8500,8500,0.0,0.0,22900.0,72.9
ORD01513,2026-08-27,Shopee,SKU008,Trà mâm xôi vitamin,Bổ sung dưỡng chất,1,33600.0,9800,9800,0.13,4368.0,19432.0,57.8
ORD01514,2026-08-27,Zalo/Fanpage,SKU006,Trà hoa đậu biếc,An thần,2,68400.0,8800,17600,0.0,0.0,50800.0,74.3
ORD01515,2026-08-27,Shopee,SKU004,Trà cà leo gai giảm cân,Detox,1,50600.0,15000,15000,0.13,6578.0,29022.0,57.4
ORD01516,2026-08-27,Đại lý,SKU006,Trà hoa đậu biếc,An thần,2,69200.0,8800,17600,0.0,0.0,51600.0,74.6
ORD01517,2026-08-27,Shopee,SKU007,Trà gừng mật ong,Giữ ấm,2,79700.0,11000,22000,0.13,10361.0,47339.0,59.4
ORD01518,2026-08-27,Shopee,SKU005,Trà hoa cúc an thần,An thần,2,73700.0,9500,19000,0.13,9581.0,45119.0,61.2
ORD01519,2026-08-27,Shopee,SKU002,Trà lá nam sen ổi,Thanh lọc,3,88700.0,8500,25500,0.13,11531.0,51669.0,58.3
ORD01520,2026-08-28,Zalo/Fanpage,SKU006,Trà hoa đậu biếc,An thần,1,33600.0,8800,8800,0.0,0.0,24800.0,73.8
ORD01521,2026-08-28,Zalo/Fanpage,SKU003,Trà diếp cá rau má,Detox,1,41200.0,10500,10500,0.0,0.0,30700.0,74.5
ORD01522,2026-08-28,Shopee,SKU008,Trà mâm xôi vitamin,Bổ sung dưỡng chất,1,35600.0,9800,9800,0.13,4628.0,21172.0,59.5
ORD01523,2026-08-28,Zalo/Fanpage,SKU008,Trà mâm xôi vitamin,Bổ sung dưỡng chất,2,68000.0,9800,19600,0.0,0.0,48400.0,71.2
ORD01524,2026-08-28,Zalo/Fanpage,SKU006,Trà hoa đậu biếc,An thần,1,31500.0,8800,8800,0.0,0.0,22700.0,72.1
ORD01525,2026-08-28,Shopee,SKU002,Trà lá nam sen ổi,Thanh lọc,2,62400.0,8500,17000,0.13,8112.0,37288.0,59.8
ORD01526,2026-08-28,Shopee,SKU008,Trà mâm xôi vitamin,Bổ sung dưỡng chất,1,35700.0,9800,9800,0.13,4641.0,21259.0,59.5
ORD01527,2026-08-28,Shopee,SKU004,Trà cà leo gai giảm cân,Detox,1,54300.0,15000,15000,0.13,7059.0,32241.0,59.4
ORD01528,2026-08-28,Zalo/Fanpage,SKU005,Trà hoa cúc an thần,An thần,1,38100.0,9500,9500,0.0,0.0,28600.0,75.1
ORD01529,2026-08-28,Đại lý,SKU002,Trà lá nam sen ổi,Thanh lọc,1,31100.0,8500,8500,0.0,0.0,22600.0,72.7
ORD01530,2026-08-28,Shopee,SKU007,Trà gừng mật ong,Giữ ấm,3,116300.0,11000,33000,0.13,15119.0,68181.0,58.6
ORD01531,2026-08-28,TikTok Shop,SKU004,Trà cà leo gai giảm cân,Detox,3,164100.0,15000,45000,0.16,26256.0,92844.0,56.6
ORD01532,2026-08-29,Shopee,SKU002,Trà lá nam sen ổi,Thanh lọc,1,29800.0,8500,8500,0.13,3874.0,17426.0,58.5
ORD01533,2026-08-29,Zalo/Fanpage,SKU008,Trà mâm xôi vitamin,Bổ sung dưỡng chất,2,73300.0,9800,19600,0.0,0.0,53700.0,73.3
ORD01534,2026-08-29,Shopee,SKU004,Trà cà leo gai giảm cân,Detox,1,56000.0,15000,15000,0.13,7280.0,33720.0,60.2
ORD01535,2026-08-29,Shopee,SKU008,Trà mâm xôi vitamin,Bổ sung dưỡng chất,2,67700.0,9800,19600,0.13,8801.0,39299.0,58.0
ORD01536,2026-08-29,Shopee,SKU004,Trà cà leo gai giảm cân,Detox,1,54400.0,15000,15000,0.13,7072.0,32328.0,59.4
ORD01537,2026-08-29,Đại lý,SKU002,Trà lá nam sen ổi,Thanh lọc,1,29600.0,8500,8500,0.0,0.0,21100.0,71.3
ORD01538,2026-08-29,TikTok Shop,SKU003,Trà diếp cá rau má,Detox,1,42600.0,10500,10500,0.16,6816.0,25284.0,59.4
ORD01539,2026-08-29,TikTok Shop,SKU002,Trà lá nam sen ổi,Thanh lọc,1,30200.0,8500,8500,0.16,4832.0,16868.0,55.9
ORD01540,2026-08-29,Shopee,SKU002,Trà lá nam sen ổi,Thanh lọc,3,98400.0,8500,25500,0.13,12792.0,60108.0,61.1
ORD01541,2026-08-29,Đại lý,SKU006,Trà hoa đậu biếc,An thần,2,69000.0,8800,17600,0.0,0.0,51400.0,74.5
ORD01542,2026-08-29,Shopee,SKU007,Trà gừng mật ong,Giữ ấm,2,81200.0,11000,22000,0.13,10556.0,48644.0,59.9
ORD01543,2026-08-29,Shopee,SKU004,Trà cà leo gai giảm cân,Detox,2,104600.0,15000,30000,0.13,13598.0,61002.0,58.3
ORD01544,2026-08-29,Zalo/Fanpage,SKU007,Trà gừng mật ong,Giữ ấm,1,37900.0,11000,11000,0.0,0.0,26900.0,71.0
ORD01545,2026-08-29,Shopee,SKU003,Trà diếp cá rau má,Detox,2,86000.0,10500,21000,0.13,11180.0,53820.0,62.6
ORD01546,2026-08-29,Đại lý,SKU008,Trà mâm xôi vitamin,Bổ sung dưỡng chất,2,74000.0,9800,19600,0.0,0.0,54400.0,73.5
ORD01547,2026-08-29,Shopee,SKU004,Trà cà leo gai giảm cân,Detox,2,101600.0,15000,30000,0.13,13208.0,58392.0,57.5
ORD01548,2026-08-29,TikTok Shop,SKU004,Trà cà leo gai giảm cân,Detox,3,166700.0,15000,45000,0.16,26672.0,95028.0,57.0
ORD01549,2026-08-29,TikTok Shop,SKU003,Trà diếp cá rau má,Detox,2,84200.0,10500,21000,0.16,13472.0,49728.0,59.1
ORD01550,2026-08-29,TikTok Shop,SKU004,Trà cà leo gai giảm cân,Detox,1,51400.0,15000,15000,0.16,8224.0,28176.0,54.8
ORD01551,2026-08-29,Shopee,SKU005,Trà hoa cúc an thần,An thần,1,35000.0,9500,9500,0.13,4550.0,20950.0,59.9
ORD01552,2026-08-30,Shopee,SKU006,Trà hoa đậu biếc,An thần,2,68100.0,8800,17600,0.13,8853.0,41647.0,61.2
ORD01553,2026-08-30,Shopee,SKU004,Trà cà leo gai giảm cân,Detox,1,55900.0,15000,15000,0.13,7267.0,33633.0,60.2
ORD01554,2026-08-30,Shopee,SKU006,Trà hoa đậu biếc,An thần,1,33600.0,8800,8800,0.13,4368.0,20432.0,60.8
ORD01555,2026-08-30,Zalo/Fanpage,SKU001,Trà atiso thanh lọc,Thanh lọc,3,97400.0,9000,27000,0.0,0.0,70400.0,72.3
ORD01556,2026-08-30,Zalo/Fanpage,SKU003,Trà diếp cá rau má,Detox,1,40000.0,10500,10500,0.0,0.0,29500.0,73.8
ORD01557,2026-08-30,Zalo/Fanpage,SKU006,Trà hoa đậu biếc,An thần,2,66600.0,8800,17600,0.0,0.0,49000.0,73.6
ORD01558,2026-08-30,Zalo/Fanpage,SKU007,Trà gừng mật ong,Giữ ấm,1,39500.0,11000,11000,0.0,0.0,28500.0,72.2
ORD01559,2026-08-30,Shopee,SKU008,Trà mâm xôi vitamin,Bổ sung dưỡng chất,2,73700.0,9800,19600,0.13,9581.0,44519.0,60.4
ORD01560,2026-08-30,TikTok Shop,SKU007,Trà gừng mật ong,Giữ ấm,1,38500.0,11000,11000,0.16,6160.0,21340.0,55.4
ORD01561,2026-08-30,TikTok Shop,SKU001,Trà atiso thanh lọc,Thanh lọc,1,32900.0,9000,9000,0.16,5264.0,18636.0,56.6
ORD01562,2026-08-30,TikTok Shop,SKU001,Trà atiso thanh lọc,Thanh lọc,3,105500.0,9000,27000,0.16,16880.0,61620.0,58.4
ORD01563,2026-08-30,Shopee,SKU003,Trà diếp cá rau má,Detox,2,78300.0,10500,21000,0.13,10179.0,47121.0,60.2
ORD01564,2026-08-30,TikTok Shop,SKU008,Trà mâm xôi vitamin,Bổ sung dưỡng chất,2,73100.0,9800,19600,0.16,11696.0,41804.0,57.2
ORD01565,2026-08-30,Zalo/Fanpage,SKU007,Trà gừng mật ong,Giữ ấm,1,38200.0,11000,11000,0.0,0.0,27200.0,71.2
ORD01566,2026-08-30,Zalo/Fanpage,SKU005,Trà hoa cúc an thần,An thần,2,72200.0,9500,19000,0.0,0.0,53200.0,73.7
ORD01567,2026-08-30,Shopee,SKU003,Trà diếp cá rau má,Detox,2,81900.0,10500,21000,0.13,10647.0,50253.0,61.4
ORD01568,2026-08-30,Zalo/Fanpage,SKU005,Trà hoa cúc an thần,An thần,2,75600.0,9500,19000,0.0,0.0,56600.0,74.9
ORD01569,2026-08-30,TikTok Shop,SKU003,Trà diếp cá rau má,Detox,2,80700.0,10500,21000,0.16,12912.0,46788.0,58.0
ORD01570,2026-08-30,TikTok Shop,SKU005,Trà hoa cúc an thần,An thần,1,35700.0,9500,9500,0.16,5712.0,20488.0,57.4
ORD01571,2026-08-30,Zalo/Fanpage,SKU001,Trà atiso thanh lọc,Thanh lọc,2,71300.0,9000,18000,0.0,0.0,53300.0,74.8
ORD01572,2026-08-30,Shopee,SKU008,Trà mâm xôi vitamin,Bổ sung dưỡng chất,1,33800.0,9800,9800,0.13,4394.0,19606.0,58.0
ORD01573,2026-08-30,Shopee,SKU002,Trà lá nam sen ổi,Thanh lọc,1,32500.0,8500,8500,0.13,4225.0,19775.0,60.8
ORD01574,2026-08-30,TikTok Shop,SKU005,Trà hoa cúc an thần,An thần,1,36700.0,9500,9500,0.16,5872.0,21328.0,58.1
ORD01575,2026-08-30,TikTok Shop,SKU008,Trà mâm xôi vitamin,Bổ sung dưỡng chất,2,69000.0,9800,19600,0.16,11040.0,38360.0,55.6
ORD01576,2026-08-30,Shopee,SKU005,Trà hoa cúc an thần,An thần,1,35800.0,9500,9500,0.13,4654.0,21646.0,60.5
ORD01577,2026-08-31,Zalo/Fanpage,SKU002,Trà lá nam sen ổi,Thanh lọc,2,63400.0,8500,17000,0.0,0.0,46400.0,73.2
ORD01578,2026-08-31,Shopee,SKU003,Trà diếp cá rau má,Detox,3,126800.0,10500,31500,0.13,16484.0,78816.0,62.2
ORD01579,2026-08-31,TikTok Shop,SKU005,Trà hoa cúc an thần,An thần,2,77000.0,9500,19000,0.16,12320.0,45680.0,59.3
ORD01580,2026-08-31,Shopee,SKU003,Trà diếp cá rau má,Detox,1,42800.0,10500,10500,0.13,5564.0,26736.0,62.5
ORD01581,2026-08-31,Shopee,SKU006,Trà hoa đậu biếc,An thần,1,33100.0,8800,8800,0.13,4303.0,19997.0,60.4
ORD01582,2026-08-31,Đại lý,SKU007,Trà gừng mật ong,Giữ ấm,1,37500.0,11000,11000,0.0,0.0,26500.0,70.7
ORD01583,2026-08-31,Shopee,SKU008,Trà mâm xôi vitamin,Bổ sung dưỡng chất,2,73600.0,9800,19600,0.13,9568.0,44432.0,60.4
ORD01584,2026-08-31,Zalo/Fanpage,SKU002,Trà lá nam sen ổi,Thanh lọc,1,32400.0,8500,8500,0.0,0.0,23900.0,73.8
ORD01585,2026-08-31,TikTok Shop,SKU005,Trà hoa cúc an thần,An thần,1,35600.0,9500,9500,0.16,5696.0,20404.0,57.3
ORD01586,2026-08-31,Shopee,SKU008,Trà mâm xôi vitamin,Bổ sung dưỡng chất,2,67200.0,9800,19600,0.13,8736.0,38864.0,57.8
